  1, 72.0, 70.05347594, 54.0, 0.000000, 良
  2, 0.0, 0.00000000, 0.0, 0.000000, K
  3, 87.0, 86.09625668, 35.0, 0.000000, 優
  4, 86.0, 85.02673797, 56.0, 0.000000, 優
  5, 52.0, 56.14973262, 30.0, 0.000000, ※
  6, 68.0, 68.98395722, 45.0, 0.000000, 可
  7, 74.0, 75.93582888, 48.0, 0.000000, 良
  8, 84.0, 83.95721925, 38.0, 0.000000, 優
  9, 34.0, 32.08556150, 26.0, 0.000000, ※
 10, 57.0, 50.80213904, 51.0, 0.000000, ※
 11, 67.0, 68.98395722, 43.0, 0.000000, 可
 12, 82.0, 81.81818182, 44.0, 0.000000, 優
 13, 68.0, 62.03208556, 57.0, 0.000000, 可
 14, 46.0, 50.26737968, 24.0, 0.000000, ※
 15, 53.0, 56.68449198, 30.0, 0.000000, ※
 16, 82.0, 81.28342246, 38.0, 0.000000, 優
 17, 67.0, 74.86631016, 34.0, 0.000000, 可
 18, 80.0, 79.67914439, 43.0, 0.000000, 優
 19, 94.0, 93.58288770, 48.0, 0.000000, 秀
 20, 90.0, 89.30481283, 46.0, 0.000000, 秀
 21, 84.0, 83.95721925, 46.0, 0.000000, 優
 22, 71.0, 71.65775401, 50.0, 0.000000, 良
 23, 32.0, 39.57219251, 10.0, 0.000000, ※
 24, 51.0, 60.96256684, 19.0, 0.000000, ※
 25, 70.0, 67.37967914, 53.0, 0.000000, 良
 26, 63.0, 75.40106952, 24.0, 0.000000, 可
 27, 79.0, 78.60962567, 56.0, 0.000000, 良
 28, 13.0, 0.00000000, 31.0, 0.000000, K
 29, 90.0, 89.83957219, 40.0, 0.000000, 秀
 30, 87.0, 86.09625668, 56.0, 0.000000, 優
 31, 5.0, 0.00000000, 10.0, 0.000000, K
 32, 0.0, 0.00000000, 0.0, 0.000000, K
 33, 66.0, 66.31016043, 45.0, 0.000000, 可
 34, 91.0, 90.90909091, 36.0, 0.000000, 秀
 35, 84.0, 83.95721925, 58.0, 0.000000, 優
 36, 77.0, 73.79679144, 60.0, 0.000000, 良
 37, 70.0, 74.86631016, 41.0, 0.000000, 良
 38, 72.0, 71.12299465, 53.0, 0.000000, 良
 39, 88.0, 87.16577540, 44.0, 0.000000, 優
 40, 78.0, 77.00534759, 56.0, 0.000000, 良
 41, 0.0, 0.00000000, 0.0, 0.000000, K
 42, 55.0, 47.59358289, 52.0, 0.000000, ※
 43, 77.0, 77.54010695, 54.0, 0.000000, 良
 44, 87.0, 86.09625668, 44.0, 0.000000, 優
 45, 83.0, 82.88770053, 24.0, 0.000000, 優
 46, 83.0, 82.35294118, 46.0, 0.000000, 優
 47, 47.0, 61.49732620, 8.0, 0.000000, ※
 48, 69.0, 77.00534759, 35.0, 0.000000, 可
 49, 0.0, 0.00000000, 0.0, 0.000000, K
 50, 83.0, 82.88770053, 46.0, 0.000000, 優
 51, 0.0, 0.00000000, 0.0, 0.000000, K
 52, 65.0, 73.79679144, 30.0, 0.000000, 可
 53, 42.0, 36.36363636, 38.0, 0.000000, ※
 54, 0.0, 0.00000000, 0.0, 0.000000, K
 55, 41.0, 54.01069519, 6.0, 0.000000, ※
 56, 48.0, 34.22459893, 56.0, 0.000000, ※
 57, 56.0, 70.05347594, 16.0, 0.000000, ※
 58, 89.0, 88.23529412, 23.0, 0.000000, 優
 59, 91.0, 90.37433155, 58.0, 0.000000, 秀
 60, 87.0, 86.63101604, 60.0, 0.000000, 優
 61, 39.0, 49.19786096, 10.0, 0.000000, ※
 62, 81.0, 80.21390374, 58.0, 0.000000, 優
 63, 89.0, 88.23529412, 60.0, 0.000000, 優
 64, 90.0, 89.30481283, 57.0, 0.000000, 秀
 65, 31.0, 31.01604278, 20.0, 0.000000, ※
 66, 60.0, 67.37967914, 30.0, 0.000000, 可
 67, 80.0, 79.67914439, 42.0, 0.000000, 優
 68, 80.0, 79.14438503, 42.0, 0.000000, 優
 69, 73.0, 68.98395722, 57.0, 0.000000, 良
 70, 45.0, 58.28877005, 8.0, 0.000000, ※
 71, 79.0, 76.47058824, 60.0, 0.000000, 良
 72, 81.0, 80.21390374, 50.0, 0.000000, 優
 73, 88.0, 87.16577540, 54.0, 0.000000, 優
 74, 73.0, 68.98395722, 58.0, 0.000000, 良
 75, 82.0, 81.81818182, 55.0, 0.000000, 優
 76, 64.0, 63.63636364, 46.0, 0.000000, 可
 77, 47.0, 60.96256684, 10.0, 0.000000, ※
 78, 72.0, 76.47058824, 42.0, 0.000000, 良
 79, 73.0, 74.86631016, 48.0, 0.000000, 良
 80, 58.0, 53.47593583, 48.0, 0.000000, ※
 81, 70.0, 69.51871658, 50.0, 0.000000, 良
 82, 51.0, 50.80213904, 35.0, 0.000000, ※
 83, 0.0, 0.00000000, 0.0, 0.000000, K
 84, 0.0, 0.00000000, 0.0, 0.000000, K
 85, 8.0, 0.00000000, 19.0, 0.000000, K
 86, 81.0, 80.21390374, 42.0, 0.000000, 優
 87, 0.0, 0.00000000, 0.0, 0.000000, K
 88, 42.0, 37.43315508, 37.0, 0.000000, ※
 89, 79.0, 77.54010695, 58.0, 0.000000, 良
 90, 88.0, 87.16577540, 28.0, 0.000000, 優
 91, 71.0, 78.60962567, 38.0, 0.000000, 良
 92, 87.0, 86.63101604, 60.0, 0.000000, 優
 93, 8.0, 0.00000000, 18.0, 0.000000, K
 94, 64.0, 63.10160428, 47.0, 0.000000, 可
 95, 63.0, 72.19251337, 28.0, 0.000000, 可
 96, 5.0, 0.00000000, 10.0, 0.000000, K
 97, 63.0, 78.07486631, 18.0, 0.000000, 可
 98, 85.0, 84.49197861, 50.0, 0.000000, 優
 99, 94.0, 93.58288770, 60.0, 0.000000, 秀
100, 80.0, 79.14438503, 37.0, 0.000000, 優
101, 83.0, 81.81818182, 60.0, 0.000000, 優
102, 77.0, 75.40106952, 56.0, 0.000000, 良
103, 56.0, 67.91443850, 18.0, 0.000000, ※
104, 68.0, 68.44919786, 46.0, 0.000000, 可
105, 91.0, 90.37433155, 50.0, 0.000000, 秀
106, 74.0, 73.79679144, 53.0, 0.000000, 良
107, 38.0, 41.71122995, 20.0, 0.000000, ※
108, 86.0, 85.56149733, 54.0, 0.000000, 優
109, 65.0, 58.28877005, 58.0, 0.000000, 可
110, 44.0, 56.68449198, 10.0, 0.000000, ※
111, 96.0, 95.72192513, 59.0, 0.000000, 秀
112, 79.0, 77.00534759, 60.0, 0.000000, 良
113, 75.0, 78.07486631, 48.0, 0.000000, 良
114, 81.0, 78.60962567, 60.0, 0.000000, 優
115, 0.0, 0.00000000, 0.0, 0.000000, K
116, 84.0, 83.95721925, 56.0, 0.000000, 優
117, 0.0, 0.00000000, 0.0, 0.000000, K
118, 69.0, 63.10160428, 58.0, 0.000000, 可
119, 80.0, 79.67914439, 54.0, 0.000000, 優
120, 95.0, 94.65240642, 58.0, 0.000000, 秀
121, 8.0, 0.00000000, 17.0, 0.000000, K
122, 70.0, 70.05347594, 50.0, 0.000000, 良
123, 80.0, 79.67914439, 21.0, 0.000000, 優
124, 55.0, 78.07486631, 0.0, 0.000000, ※
125, 75.0, 76.47058824, 50.0, 0.000000, 良
126, 67.0, 69.51871658, 43.0, 0.000000, 可
127, 28.0, 20.85561497, 30.0, 0.000000, ※
128, 0.0, 0.00000000, 0.0, 0.000000, K
129, 17.0, 0.00000000, 40.0, 0.000000, K
130, 63.0, 61.49732620, 46.0, 0.000000, 可
131, 64.0, 76.47058824, 24.0, 0.000000, 可
132, 86.0, 85.02673797, 33.0, 0.000000, 優
133, 84.0, 83.95721925, 38.0, 0.000000, 優
134, 89.0, 88.77005348, 54.0, 0.000000, 優
135, 81.0, 79.67914439, 60.0, 0.000000, 優
136, 87.0, 86.09625668, 60.0, 0.000000, 優
137, 49.0, 37.43315508, 54.0, 0.000000, ※
138, 75.0, 70.58823529, 60.0, 0.000000, 良
139, 45.0, 57.75401070, 10.0, 0.000000, ※
140, 39.0, 55.61497326, 0.0, 0.000000, ※
141, 64.0, 56.68449198, 56.0, 0.000000, 可
142, 68.0, 65.24064171, 52.0, 0.000000, 可
143, 71.0, 71.12299465, 49.0, 0.000000, 良
144, 83.0, 82.88770053, 58.0, 0.000000, 優
145, 84.0, 83.95721925, 54.0, 0.000000, 優
146, 80.0, 79.14438503, 34.0, 0.000000, 優
147, 55.0, 70.05347594, 13.0, 0.000000, ※
148, 87.0, 86.63101604, 42.0, 0.000000, 優
149, 94.0, 93.58288770, 54.0, 0.000000, 秀
150, 78.0, 76.47058824, 58.0, 0.000000, 良
151, 0.0, 0.00000000, 0.0, 0.000000, K
152, 59.0, 60.96256684, 38.0, 0.000000, ※
 Avg: 62.2829(78.5098)
 Max: 96.0000(96.0000)
 Min: 0.0000(60.0000)
  秀:11
  優:43
  良:27
  可:21
不可:0
  Ｋ:20
  ※:30
  1, 72.0, 70.05347594, 54.0, 0.000000, 良
  2, 0.0, 0.00000000, 0.0, 0.000000, K
  3, 87.0, 86.09625668, 35.0, 0.000000, 優
  4, 86.0, 85.02673797, 56.0, 0.000000, 優
  5, 52.0, 56.14973262, 30.0, 0.000000, ※
  6, 68.0, 68.98395722, 45.0, 0.000000, 可
  7, 74.0, 75.93582888, 48.0, 0.000000, 良
  8, 84.0, 83.95721925, 38.0, 0.000000, 優
  9, 34.0, 32.08556150, 26.0, 0.000000, ※
 10, 57.0, 50.80213904, 51.0, 0.000000, ※
 11, 67.0, 68.98395722, 43.0, 0.000000, 可
 12, 82.0, 81.81818182, 44.0, 0.000000, 優
 13, 68.0, 62.03208556, 57.0, 0.000000, 可
 14, 46.0, 50.26737968, 24.0, 0.000000, ※
 15, 53.0, 56.68449198, 30.0, 0.000000, ※
 16, 82.0, 81.28342246, 38.0, 0.000000, 優
 17, 67.0, 74.86631016, 34.0, 0.000000, 可
 18, 80.0, 79.67914439, 43.0, 0.000000, 優
 19, 94.0, 93.58288770, 48.0, 0.000000, 秀
 20, 90.0, 89.30481283, 46.0, 0.000000, 秀
 21, 84.0, 83.95721925, 46.0, 0.000000, 優
 22, 71.0, 71.65775401, 50.0, 0.000000, 良
 23, 32.0, 39.57219251, 10.0, 0.000000, ※
 24, 51.0, 60.96256684, 19.0, 0.000000, ※
 25, 70.0, 67.37967914, 53.0, 0.000000, 良
 26, 63.0, 75.40106952, 24.0, 0.000000, 可
 27, 79.0, 78.60962567, 56.0, 0.000000, 良
 28, 13.0, 0.00000000, 31.0, 0.000000, K
 29, 90.0, 89.83957219, 40.0, 0.000000, 秀
 30, 87.0, 86.09625668, 56.0, 0.000000, 優
 31, 5.0, 0.00000000, 10.0, 0.000000, K
 32, 0.0, 0.00000000, 0.0, 0.000000, K
 33, 66.0, 66.31016043, 45.0, 0.000000, 可
 34, 91.0, 90.90909091, 36.0, 0.000000, 秀
 35, 84.0, 83.95721925, 58.0, 0.000000, 優
 36, 77.0, 73.79679144, 60.0, 0.000000, 良
 37, 70.0, 74.86631016, 41.0, 0.000000, 良
 38, 72.0, 71.12299465, 53.0, 0.000000, 良
 39, 88.0, 87.16577540, 44.0, 0.000000, 優
 40, 78.0, 77.00534759, 56.0, 0.000000, 良
 41, 0.0, 0.00000000, 0.0, 0.000000, K
 42, 55.0, 47.59358289, 52.0, 0.000000, ※
 43, 77.0, 77.54010695, 54.0, 0.000000, 良
 44, 87.0, 86.09625668, 44.0, 0.000000, 優
 45, 83.0, 82.88770053, 24.0, 0.000000, 優
 46, 83.0, 82.35294118, 46.0, 0.000000, 優
 47, 47.0, 61.49732620, 8.0, 0.000000, ※
 48, 69.0, 77.00534759, 35.0, 0.000000, 可
 49, 0.0, 0.00000000, 0.0, 0.000000, K
 50, 83.0, 82.88770053, 46.0, 0.000000, 優
 51, 0.0, 0.00000000, 0.0, 0.000000, K
 52, 65.0, 73.79679144, 30.0, 0.000000, 可
 53, 42.0, 36.36363636, 38.0, 0.000000, ※
 54, 0.0, 0.00000000, 0.0, 0.000000, K
 55, 41.0, 54.01069519, 6.0, 0.000000, ※
 56, 48.0, 34.22459893, 56.0, 0.000000, ※
 57, 56.0, 70.05347594, 16.0, 0.000000, ※
 58, 89.0, 88.23529412, 23.0, 0.000000, 優
 59, 91.0, 90.37433155, 58.0, 0.000000, 秀
 60, 87.0, 86.63101604, 60.0, 0.000000, 優
 61, 39.0, 49.19786096, 10.0, 0.000000, ※
 62, 81.0, 80.21390374, 58.0, 0.000000, 優
 63, 89.0, 88.23529412, 60.0, 0.000000, 優
 64, 90.0, 89.30481283, 57.0, 0.000000, 秀
 65, 31.0, 31.01604278, 20.0, 0.000000, ※
 66, 60.0, 67.37967914, 30.0, 0.000000, 可
 67, 80.0, 79.67914439, 42.0, 0.000000, 優
 68, 80.0, 79.14438503, 42.0, 0.000000, 優
 69, 73.0, 68.98395722, 57.0, 0.000000, 良
 70, 45.0, 58.28877005, 8.0, 0.000000, ※
 71, 79.0, 76.47058824, 60.0, 0.000000, 良
 72, 81.0, 80.21390374, 50.0, 0.000000, 優
 73, 88.0, 87.16577540, 54.0, 0.000000, 優
 74, 73.0, 68.98395722, 58.0, 0.000000, 良
 75, 82.0, 81.81818182, 55.0, 0.000000, 優
 76, 64.0, 63.63636364, 46.0, 0.000000, 可
 77, 47.0, 60.96256684, 10.0, 0.000000, ※
 78, 72.0, 76.47058824, 42.0, 0.000000, 良
 79, 73.0, 74.86631016, 48.0, 0.000000, 良
 80, 58.0, 53.47593583, 48.0, 0.000000, ※
 81, 70.0, 69.51871658, 50.0, 0.000000, 良
 82, 51.0, 50.80213904, 35.0, 0.000000, ※
 83, 0.0, 0.00000000, 0.0, 0.000000, K
 84, 0.0, 0.00000000, 0.0, 0.000000, K
 85, 8.0, 0.00000000, 19.0, 0.000000, K
 86, 81.0, 80.21390374, 42.0, 0.000000, 優
 87, 0.0, 0.00000000, 0.0, 0.000000, K
 88, 42.0, 37.43315508, 37.0, 0.000000, ※
 89, 79.0, 77.54010695, 58.0, 0.000000, 良
 90, 88.0, 87.16577540, 28.0, 0.000000, 優
 91, 71.0, 78.60962567, 38.0, 0.000000, 良
 92, 87.0, 86.63101604, 60.0, 0.000000, 優
 93, 8.0, 0.00000000, 18.0, 0.000000, K
 94, 64.0, 63.10160428, 47.0, 0.000000, 可
 95, 63.0, 72.19251337, 28.0, 0.000000, 可
 96, 5.0, 0.00000000, 10.0, 0.000000, K
 97, 63.0, 78.07486631, 18.0, 0.000000, 可
 98, 85.0, 84.49197861, 50.0, 0.000000, 優
 99, 94.0, 93.58288770, 60.0, 0.000000, 秀
100, 80.0, 79.14438503, 37.0, 0.000000, 優
101, 83.0, 81.81818182, 60.0, 0.000000, 優
102, 77.0, 75.40106952, 56.0, 0.000000, 良
103, 56.0, 67.91443850, 18.0, 0.000000, ※
104, 68.0, 68.44919786, 46.0, 0.000000, 可
105, 91.0, 90.37433155, 50.0, 0.000000, 秀
106, 74.0, 73.79679144, 53.0, 0.000000, 良
107, 38.0, 41.71122995, 20.0, 0.000000, ※
108, 86.0, 85.56149733, 54.0, 0.000000, 優
109, 65.0, 58.28877005, 58.0, 0.000000, 可
110, 44.0, 56.68449198, 10.0, 0.000000, ※
111, 96.0, 95.72192513, 59.0, 0.000000, 秀
112, 79.0, 77.00534759, 60.0, 0.000000, 良
113, 75.0, 78.07486631, 48.0, 0.000000, 良
114, 81.0, 78.60962567, 60.0, 0.000000, 優
115, 0.0, 0.00000000, 0.0, 0.000000, K
116, 84.0, 83.95721925, 56.0, 0.000000, 優
117, 0.0, 0.00000000, 0.0, 0.000000, K
118, 69.0, 63.10160428, 58.0, 0.000000, 可
119, 80.0, 79.67914439, 54.0, 0.000000, 優
120, 95.0, 94.65240642, 58.0, 0.000000, 秀
121, 8.0, 0.00000000, 17.0, 0.000000, K
122, 70.0, 70.05347594, 50.0, 0.000000, 良
123, 80.0, 79.67914439, 21.0, 0.000000, 優
124, 55.0, 78.07486631, 0.0, 0.000000, ※
125, 75.0, 76.47058824, 50.0, 0.000000, 良
126, 67.0, 69.51871658, 43.0, 0.000000, 可
127, 28.0, 20.85561497, 30.0, 0.000000, ※
128, 0.0, 0.00000000, 0.0, 0.000000, K
129, 17.0, 0.00000000, 40.0, 0.000000, K
130, 63.0, 61.49732620, 46.0, 0.000000, 可
131, 64.0, 76.47058824, 24.0, 0.000000, 可
132, 86.0, 85.02673797, 33.0, 0.000000, 優
133, 84.0, 83.95721925, 38.0, 0.000000, 優
134, 89.0, 88.77005348, 54.0, 0.000000, 優
135, 81.0, 79.67914439, 60.0, 0.000000, 優
136, 87.0, 86.09625668, 60.0, 0.000000, 優
137, 49.0, 37.43315508, 54.0, 0.000000, ※
138, 75.0, 70.58823529, 60.0, 0.000000, 良
139, 45.0, 57.75401070, 10.0, 0.000000, ※
140, 39.0, 55.61497326, 0.0, 0.000000, ※
141, 64.0, 56.68449198, 56.0, 0.000000, 可
142, 68.0, 65.24064171, 52.0, 0.000000, 可
143, 71.0, 71.12299465, 49.0, 0.000000, 良
144, 83.0, 82.88770053, 58.0, 0.000000, 優
145, 84.0, 83.95721925, 54.0, 0.000000, 優
146, 80.0, 79.14438503, 34.0, 0.000000, 優
147, 55.0, 70.05347594, 13.0, 0.000000, ※
148, 87.0, 86.63101604, 42.0, 0.000000, 優
149, 94.0, 93.58288770, 54.0, 0.000000, 秀
150, 78.0, 76.47058824, 58.0, 0.000000, 良
151, 0.0, 0.00000000, 0.0, 0.000000, K
152, 59.0, 60.96256684, 38.0, 0.000000, ※
 Avg: 62.2829(78.5098)
 Max: 96.0000(96.0000)
 Min: 0.0000(60.0000)
  秀:11
  優:43
  良:27
  可:21
不可:0
  Ｋ:20
  ※:30
  1, 76.0, 70.05347594, 54.0, 0.857143, 良
  2, 4.0, 0.00000000, 0.0, 0.642857, K
  3, 87.0, 86.09625668, 35.0, 0.000000, 優
  4, 87.0, 85.02673797, 56.0, 0.785714, 優
  5, 56.0, 56.14973262, 30.0, 0.785714, 不可
  6, 71.0, 68.98395722, 45.0, 0.785714, 良
  7, 76.0, 75.93582888, 48.0, 0.428571, 良
  8, 84.0, 83.95721925, 38.0, 0.785714, 優
  9, 36.0, 32.08556150, 26.0, 0.357143, ※
 10, 58.0, 50.80213904, 51.0, 0.071429, ※
 11, 71.0, 68.98395722, 43.0, 0.928571, 良
 12, 82.0, 81.81818182, 44.0, 0.714286, 優
 13, 72.0, 62.03208556, 57.0, 0.785714, 良
 14, 50.0, 50.26737968, 24.0, 0.785714, 不可
 15, 54.0, 56.68449198, 30.0, 0.357143, ※
 16, 82.0, 81.28342246, 38.0, 0.785714, 優
 17, 72.0, 74.86631016, 34.0, 1.000000, 良
 18, 80.0, 79.67914439, 43.0, 0.071429, 優
 19, 94.0, 93.58288770, 48.0, 0.928571, 秀
 20, 90.0, 89.30481283, 46.0, 1.000000, 秀
 21, 84.0, 83.95721925, 46.0, 1.000000, 優
 22, 76.0, 71.65775401, 50.0, 1.000000, 良
 23, 33.0, 39.57219251, 10.0, 0.071429, ※
 24, 56.0, 60.96256684, 19.0, 0.928571, 不可
 25, 71.0, 67.37967914, 53.0, 0.214286, 良
 26, 65.0, 75.40106952, 24.0, 0.285714, 可
 27, 83.0, 78.60962567, 56.0, 0.785714, 優
 28, 16.0, 0.00000000, 31.0, 0.428571, K
 29, 90.0, 89.83957219, 40.0, 0.785714, 秀
 30, 89.0, 86.09625668, 56.0, 0.928571, 優
 31, 6.0, 0.00000000, 10.0, 0.214286, K
 32, 0.0, 0.00000000, 0.0, 0.000000, K
 33, 67.0, 66.31016043, 45.0, 0.285714, 可
 34, 91.0, 90.90909091, 36.0, 1.000000, 秀
 35, 88.0, 83.95721925, 58.0, 1.000000, 優
 36, 81.0, 73.79679144, 60.0, 0.785714, 優
 37, 74.0, 74.86631016, 41.0, 0.785714, 良
 38, 77.0, 71.12299465, 53.0, 0.928571, 良
 39, 88.0, 87.16577540, 44.0, 0.928571, 優
 40, 81.0, 77.00534759, 56.0, 0.571429, 優
 41, 1.0, 0.00000000, 0.0, 0.071429, K
 42, 58.0, 47.59358289, 52.0, 0.428571, ※
 43, 78.0, 77.54010695, 54.0, 0.142857, 良
 44, 87.0, 86.09625668, 44.0, 0.428571, 優
 45, 83.0, 82.88770053, 24.0, 0.714286, 優
 46, 83.0, 82.35294118, 46.0, 1.000000, 優
 47, 49.0, 61.49732620, 8.0, 0.500000, ※
 48, 72.0, 77.00534759, 35.0, 0.642857, 良
 49, 0.0, 0.00000000, 0.0, 0.000000, K
 50, 83.0, 82.88770053, 46.0, 0.428571, 優
 51, 0.0, 0.00000000, 0.0, 0.000000, K
 52, 67.0, 73.79679144, 30.0, 0.500000, 可
 53, 44.0, 36.36363636, 38.0, 0.500000, ※
 54, 0.0, 0.00000000, 0.0, 0.000000, K
 55, 44.0, 54.01069519, 6.0, 0.642857, 不可
 56, 53.0, 34.22459893, 56.0, 1.000000, 不可
 57, 61.0, 70.05347594, 16.0, 0.928571, 可
 58, 89.0, 88.23529412, 23.0, 0.571429, 優
 59, 91.0, 90.37433155, 58.0, 0.428571, 秀
 60, 91.0, 86.63101604, 60.0, 1.000000, 秀
 61, 43.0, 49.19786096, 10.0, 0.785714, 不可
 62, 85.0, 80.21390374, 58.0, 0.785714, 優
 63, 92.0, 88.23529412, 60.0, 1.000000, 秀
 64, 92.0, 89.30481283, 57.0, 1.000000, 秀
 65, 31.0, 31.01604278, 20.0, 0.142857, ※
 66, 63.0, 67.37967914, 30.0, 0.642857, 可
 67, 80.0, 79.67914439, 42.0, 0.357143, 優
 68, 80.0, 79.14438503, 42.0, 0.428571, 優
 69, 77.0, 68.98395722, 57.0, 0.928571, 良
 70, 48.0, 58.28877005, 8.0, 0.714286, 不可
 71, 82.0, 76.47058824, 60.0, 0.642857, 優
 72, 81.0, 80.21390374, 50.0, 0.142857, 優
 73, 88.0, 87.16577540, 54.0, 0.857143, 優
 74, 77.0, 68.98395722, 58.0, 0.785714, 良
 75, 83.0, 81.81818182, 55.0, 0.428571, 優
 76, 69.0, 63.63636364, 46.0, 0.928571, 可
 77, 49.0, 60.96256684, 10.0, 0.285714, ※
 78, 74.0, 76.47058824, 42.0, 0.428571, 良
 79, 78.0, 74.86631016, 48.0, 0.928571, 良
 80, 60.0, 53.47593583, 48.0, 0.357143, 可
 81, 70.0, 69.51871658, 50.0, 0.000000, 良
 82, 52.0, 50.80213904, 35.0, 0.357143, ※
 83, 0.0, 0.00000000, 0.0, 0.000000, K
 84, 0.0, 0.00000000, 0.0, 0.000000, K
 85, 11.0, 0.00000000, 19.0, 0.428571, K
 86, 81.0, 80.21390374, 42.0, 0.928571, 優
 87, 1.0, 0.00000000, 0.0, 0.142857, K
 88, 44.0, 37.43315508, 37.0, 0.428571, ※
 89, 84.0, 77.54010695, 58.0, 0.928571, 優
 90, 88.0, 87.16577540, 28.0, 0.500000, 優
 91, 76.0, 78.60962567, 38.0, 0.857143, 良
 92, 91.0, 86.63101604, 60.0, 1.000000, 秀
 93, 9.0, 0.00000000, 18.0, 0.142857, K
 94, 67.0, 63.10160428, 47.0, 0.500000, 可
 95, 64.0, 72.19251337, 28.0, 0.285714, 可
 96, 6.0, 0.00000000, 10.0, 0.285714, K
 97, 63.0, 78.07486631, 18.0, 0.000000, 可
 98, 85.0, 84.49197861, 50.0, 1.000000, 優
 99, 95.0, 93.58288770, 60.0, 0.857143, 秀
100, 80.0, 79.14438503, 37.0, 0.142857, 優
101, 87.0, 81.81818182, 60.0, 0.928571, 優
102, 81.0, 75.40106952, 56.0, 0.928571, 優
103, 57.0, 67.91443850, 18.0, 0.214286, ※
104, 71.0, 68.44919786, 46.0, 0.642857, 良
105, 91.0, 90.37433155, 50.0, 1.000000, 秀
106, 78.0, 73.79679144, 53.0, 0.714286, 良
107, 41.0, 41.71122995, 20.0, 0.500000, ※
108, 88.0, 85.56149733, 54.0, 1.000000, 優
109, 67.0, 58.28877005, 58.0, 0.357143, 可
110, 47.0, 56.68449198, 10.0, 0.500000, ※
111, 96.0, 95.72192513, 59.0, 0.857143, 秀
112, 84.0, 77.00534759, 60.0, 0.857143, 優
113, 79.0, 78.07486631, 48.0, 0.714286, 良
114, 85.0, 78.60962567, 60.0, 0.857143, 優
115, 2.0, 0.00000000, 0.0, 0.357143, K
116, 84.0, 83.95721925, 56.0, 0.285714, 優
117, 5.0, 0.00000000, 0.0, 0.857143, K
118, 74.0, 63.10160428, 58.0, 1.000000, 良
119, 80.0, 79.67914439, 54.0, 0.214286, 優
120, 95.0, 94.65240642, 58.0, 0.571429, 秀
121, 9.0, 0.00000000, 17.0, 0.214286, K
122, 74.0, 70.05347594, 50.0, 0.714286, 良
123, 80.0, 79.67914439, 21.0, 0.642857, 優
124, 55.0, 78.07486631, 0.0, 0.000000, ※
125, 80.0, 76.47058824, 50.0, 1.000000, 優
126, 72.0, 69.51871658, 43.0, 1.000000, 良
127, 29.0, 20.85561497, 30.0, 0.357143, ※
128, 0.0, 0.00000000, 0.0, 0.000000, K
129, 18.0, 0.00000000, 40.0, 0.214286, K
130, 65.0, 61.49732620, 46.0, 0.357143, 可
131, 65.0, 76.47058824, 24.0, 0.142857, 可
132, 86.0, 85.02673797, 33.0, 1.000000, 優
133, 84.0, 83.95721925, 38.0, 1.000000, 優
134, 89.0, 88.77005348, 54.0, 0.500000, 優
135, 86.0, 79.67914439, 60.0, 0.928571, 優
136, 89.0, 86.09625668, 60.0, 0.714286, 優
137, 53.0, 37.43315508, 54.0, 0.714286, 不可
138, 76.0, 70.58823529, 60.0, 0.285714, 良
139, 49.0, 57.75401070, 10.0, 0.714286, 不可
140, 41.0, 55.61497326, 0.0, 0.357143, ※
141, 69.0, 56.68449198, 56.0, 1.000000, 可
142, 70.0, 65.24064171, 52.0, 0.428571, 良
143, 73.0, 71.12299465, 49.0, 0.500000, 良
144, 87.0, 82.88770053, 58.0, 0.928571, 優
145, 86.0, 83.95721925, 54.0, 0.928571, 優
146, 80.0, 79.14438503, 34.0, 0.857143, 優
147, 60.0, 70.05347594, 13.0, 0.928571, 可
148, 87.0, 86.63101604, 42.0, 0.285714, 優
149, 94.0, 93.58288770, 54.0, 0.642857, 秀
150, 80.0, 76.47058824, 58.0, 0.428571, 優
151, 1.0, 0.00000000, 0.0, 0.071429, K
152, 64.0, 60.96256684, 38.0, 1.000000, 可
 Avg: 64.3026(79.7642)
 Max: 96.0000(96.0000)
 Min: 0.0000(60.0000)
  秀:14
  優:49
  良:27
  可:16
不可:9
  Ｋ:20
  ※:17
  1, 76.0, 70.05347594, 54.0, 0.857143, 良
  2, 4.0, 0.00000000, 0.0, 0.642857, K
  3, 87.0, 86.09625668, 35.0, 0.000000, 優
  4, 87.0, 85.02673797, 56.0, 0.785714, 優
  5, 56.0, 56.14973262, 30.0, 0.785714, 不可
  6, 71.0, 68.98395722, 45.0, 0.785714, 良
  7, 76.0, 75.93582888, 48.0, 0.428571, 良
  8, 84.0, 83.95721925, 38.0, 0.785714, 優
  9, 36.0, 32.08556150, 26.0, 0.357143, ※
 10, 58.0, 50.80213904, 51.0, 0.071429, ※
 11, 71.0, 68.98395722, 43.0, 0.928571, 良
 12, 82.0, 81.81818182, 44.0, 0.714286, 優
 13, 72.0, 62.03208556, 57.0, 0.785714, 良
 14, 50.0, 50.26737968, 24.0, 0.785714, 不可
 15, 54.0, 56.68449198, 30.0, 0.357143, ※
 16, 82.0, 81.28342246, 38.0, 0.785714, 優
 17, 72.0, 74.86631016, 34.0, 1.000000, 良
 18, 80.0, 79.67914439, 43.0, 0.071429, 優
 19, 94.0, 93.58288770, 48.0, 0.928571, 秀
 20, 90.0, 89.30481283, 46.0, 1.000000, 秀
 21, 84.0, 83.95721925, 46.0, 1.000000, 優
 22, 76.0, 71.65775401, 50.0, 1.000000, 良
 23, 33.0, 39.57219251, 10.0, 0.071429, ※
 24, 56.0, 60.96256684, 19.0, 0.928571, 不可
 25, 71.0, 67.37967914, 53.0, 0.214286, 良
 26, 65.0, 75.40106952, 24.0, 0.285714, 可
 27, 83.0, 78.60962567, 56.0, 0.785714, 優
 28, 16.0, 0.00000000, 31.0, 0.428571, K
 29, 90.0, 89.83957219, 40.0, 0.785714, 秀
 30, 89.0, 86.09625668, 56.0, 0.928571, 優
 31, 6.0, 0.00000000, 10.0, 0.214286, K
 32, 0.0, 0.00000000, 0.0, 0.000000, K
 33, 67.0, 66.31016043, 45.0, 0.285714, 可
 34, 91.0, 90.90909091, 36.0, 1.000000, 秀
 35, 88.0, 83.95721925, 58.0, 1.000000, 優
 36, 81.0, 73.79679144, 60.0, 0.785714, 優
 37, 74.0, 74.86631016, 41.0, 0.785714, 良
 38, 77.0, 71.12299465, 53.0, 0.928571, 良
 39, 88.0, 87.16577540, 44.0, 0.928571, 優
 40, 81.0, 77.00534759, 56.0, 0.571429, 優
 41, 1.0, 0.00000000, 0.0, 0.071429, K
 42, 58.0, 47.59358289, 52.0, 0.428571, ※
 43, 78.0, 77.54010695, 54.0, 0.142857, 良
 44, 87.0, 86.09625668, 44.0, 0.428571, 優
 45, 83.0, 82.88770053, 24.0, 0.714286, 優
 46, 83.0, 82.35294118, 46.0, 1.000000, 優
 47, 49.0, 61.49732620, 8.0, 0.500000, ※
 48, 72.0, 77.00534759, 35.0, 0.642857, 良
 49, 0.0, 0.00000000, 0.0, 0.000000, K
 50, 83.0, 82.88770053, 46.0, 0.428571, 優
 51, 0.0, 0.00000000, 0.0, 0.000000, K
 52, 67.0, 73.79679144, 30.0, 0.500000, 可
 53, 44.0, 36.36363636, 38.0, 0.500000, ※
 54, 0.0, 0.00000000, 0.0, 0.000000, K
 55, 44.0, 54.01069519, 6.0, 0.642857, 不可
 56, 53.0, 34.22459893, 56.0, 1.000000, 不可
 57, 61.0, 70.05347594, 16.0, 0.928571, 可
 58, 89.0, 88.23529412, 23.0, 0.571429, 優
 59, 91.0, 90.37433155, 58.0, 0.428571, 秀
 60, 91.0, 86.63101604, 60.0, 1.000000, 秀
 61, 43.0, 49.19786096, 10.0, 0.785714, 不可
 62, 85.0, 80.21390374, 58.0, 0.785714, 優
 63, 92.0, 88.23529412, 60.0, 1.000000, 秀
 64, 92.0, 89.30481283, 57.0, 1.000000, 秀
 65, 31.0, 31.01604278, 20.0, 0.142857, ※
 66, 63.0, 67.37967914, 30.0, 0.642857, 可
 67, 80.0, 79.67914439, 42.0, 0.357143, 優
 68, 80.0, 79.14438503, 42.0, 0.428571, 優
 69, 77.0, 68.98395722, 57.0, 0.928571, 良
 70, 48.0, 58.28877005, 8.0, 0.714286, 不可
 71, 82.0, 76.47058824, 60.0, 0.642857, 優
 72, 81.0, 80.21390374, 50.0, 0.142857, 優
 73, 88.0, 87.16577540, 54.0, 0.857143, 優
 74, 77.0, 68.98395722, 58.0, 0.785714, 良
 75, 83.0, 81.81818182, 55.0, 0.428571, 優
 76, 69.0, 63.63636364, 46.0, 0.928571, 可
 77, 49.0, 60.96256684, 10.0, 0.285714, ※
 78, 74.0, 76.47058824, 42.0, 0.428571, 良
 79, 78.0, 74.86631016, 48.0, 0.928571, 良
 80, 60.0, 53.47593583, 48.0, 0.357143, 可
 81, 70.0, 69.51871658, 50.0, 0.000000, 良
 82, 52.0, 50.80213904, 35.0, 0.357143, ※
 83, 0.0, 0.00000000, 0.0, 0.000000, K
 84, 0.0, 0.00000000, 0.0, 0.000000, K
 85, 11.0, 0.00000000, 19.0, 0.428571, K
 86, 81.0, 80.21390374, 42.0, 0.928571, 優
 87, 1.0, 0.00000000, 0.0, 0.142857, K
 88, 44.0, 37.43315508, 37.0, 0.428571, ※
 89, 84.0, 77.54010695, 58.0, 0.928571, 優
 90, 88.0, 87.16577540, 28.0, 0.500000, 優
 91, 76.0, 78.60962567, 38.0, 0.857143, 良
 92, 91.0, 86.63101604, 60.0, 1.000000, 秀
 93, 9.0, 0.00000000, 18.0, 0.142857, K
 94, 67.0, 63.10160428, 47.0, 0.500000, 可
 95, 64.0, 72.19251337, 28.0, 0.285714, 可
 96, 6.0, 0.00000000, 10.0, 0.285714, K
 97, 63.0, 78.07486631, 18.0, 0.000000, 可
 98, 85.0, 84.49197861, 50.0, 1.000000, 優
 99, 95.0, 93.58288770, 60.0, 0.857143, 秀
100, 80.0, 79.14438503, 37.0, 0.142857, 優
101, 87.0, 81.81818182, 60.0, 0.928571, 優
102, 81.0, 75.40106952, 56.0, 0.928571, 優
103, 57.0, 67.91443850, 18.0, 0.214286, ※
104, 71.0, 68.44919786, 46.0, 0.642857, 良
105, 91.0, 90.37433155, 50.0, 1.000000, 秀
106, 78.0, 73.79679144, 53.0, 0.714286, 良
107, 41.0, 41.71122995, 20.0, 0.500000, ※
108, 88.0, 85.56149733, 54.0, 1.000000, 優
109, 67.0, 58.28877005, 58.0, 0.357143, 可
110, 47.0, 56.68449198, 10.0, 0.500000, ※
111, 96.0, 95.72192513, 59.0, 0.857143, 秀
112, 84.0, 77.00534759, 60.0, 0.857143, 優
113, 79.0, 78.07486631, 48.0, 0.714286, 良
114, 85.0, 78.60962567, 60.0, 0.857143, 優
115, 2.0, 0.00000000, 0.0, 0.357143, K
116, 84.0, 83.95721925, 56.0, 0.285714, 優
117, 5.0, 0.00000000, 0.0, 0.857143, K
118, 74.0, 63.10160428, 58.0, 1.000000, 良
119, 80.0, 79.67914439, 54.0, 0.214286, 優
120, 95.0, 94.65240642, 58.0, 0.571429, 秀
121, 9.0, 0.00000000, 17.0, 0.214286, K
122, 74.0, 70.05347594, 50.0, 0.714286, 良
123, 80.0, 79.67914439, 21.0, 0.642857, 優
124, 55.0, 78.07486631, 0.0, 0.000000, ※
125, 80.0, 76.47058824, 50.0, 1.000000, 優
126, 72.0, 69.51871658, 43.0, 1.000000, 良
127, 29.0, 20.85561497, 30.0, 0.357143, ※
128, 0.0, 0.00000000, 0.0, 0.000000, K
129, 18.0, 0.00000000, 40.0, 0.214286, K
130, 65.0, 61.49732620, 46.0, 0.357143, 可
131, 65.0, 76.47058824, 24.0, 0.142857, 可
132, 86.0, 85.02673797, 33.0, 1.000000, 優
133, 84.0, 83.95721925, 38.0, 1.000000, 優
134, 89.0, 88.77005348, 54.0, 0.500000, 優
135, 86.0, 79.67914439, 60.0, 0.928571, 優
136, 89.0, 86.09625668, 60.0, 0.714286, 優
137, 53.0, 37.43315508, 54.0, 0.714286, 不可
138, 76.0, 70.58823529, 60.0, 0.285714, 良
139, 49.0, 57.75401070, 10.0, 0.714286, 不可
140, 41.0, 55.61497326, 0.0, 0.357143, ※
141, 69.0, 56.68449198, 56.0, 1.000000, 可
142, 70.0, 65.24064171, 52.0, 0.428571, 良
143, 73.0, 71.12299465, 49.0, 0.500000, 良
144, 87.0, 82.88770053, 58.0, 0.928571, 優
145, 86.0, 83.95721925, 54.0, 0.928571, 優
146, 80.0, 79.14438503, 34.0, 0.857143, 優
147, 60.0, 70.05347594, 13.0, 0.928571, 可
148, 87.0, 86.63101604, 42.0, 0.285714, 優
149, 94.0, 93.58288770, 54.0, 0.642857, 秀
150, 80.0, 76.47058824, 58.0, 0.428571, 優
151, 1.0, 0.00000000, 0.0, 0.071429, K
152, 64.0, 60.96256684, 38.0, 1.000000, 可
 Avg: 64.3026(79.7642)
 Max: 96.0000(96.0000)
 Min: 0.0000(60.0000)
  秀:14
  優:49
  良:27
  可:16
不可:9
  Ｋ:20
  ※:17
  1, 54.0, 70.05347594, 0.0, 0.857143, 不可
  2, 4.0, 0.00000000, 0.0, 0.642857, K
  3, 87.0, 86.09625668, 0.0, 0.000000, 優
  4, 86.0, 85.02673797, 0.0, 0.785714, 優
  5, 44.0, 56.14973262, 0.0, 0.785714, 不可
  6, 53.0, 68.98395722, 0.0, 0.785714, 不可
  7, 56.0, 75.93582888, 0.0, 0.428571, ※
  8, 84.0, 83.95721925, 0.0, 0.785714, 優
  9, 25.0, 32.08556150, 0.0, 0.357143, ※
 10, 36.0, 50.80213904, 0.0, 0.071429, ※
 11, 53.0, 68.98395722, 0.0, 0.928571, 不可
 12, 82.0, 81.81818182, 0.0, 0.714286, 優
 13, 48.0, 62.03208556, 0.0, 0.785714, 不可
 14, 40.0, 50.26737968, 0.0, 0.785714, 不可
 15, 42.0, 56.68449198, 0.0, 0.357143, ※
 16, 82.0, 81.28342246, 0.0, 0.785714, 優
 17, 58.0, 74.86631016, 0.0, 1.000000, 不可
 18, 80.0, 79.67914439, 0.0, 0.071429, 優
 19, 94.0, 93.58288770, 0.0, 0.928571, 秀
 20, 90.0, 89.30481283, 0.0, 1.000000, 秀
 21, 84.0, 83.95721925, 0.0, 1.000000, 優
 22, 56.0, 71.65775401, 0.0, 1.000000, 不可
 23, 29.0, 39.57219251, 0.0, 0.071429, ※
 24, 48.0, 60.96256684, 0.0, 0.928571, 不可
 25, 49.0, 67.37967914, 0.0, 0.214286, ※
 26, 55.0, 75.40106952, 0.0, 0.285714, ※
 27, 59.0, 78.60962567, 0.0, 0.785714, 不可
 28, 3.0, 0.00000000, 0.0, 0.428571, K
 29, 90.0, 89.83957219, 0.0, 0.785714, 秀
 30, 87.0, 86.09625668, 0.0, 0.928571, 優
 31, 2.0, 0.00000000, 0.0, 0.214286, K
 32, 0.0, 0.00000000, 0.0, 0.000000, K
 33, 48.0, 66.31016043, 0.0, 0.285714, ※
 34, 91.0, 90.90909091, 0.0, 1.000000, 秀
 35, 84.0, 83.95721925, 0.0, 1.000000, 優
 36, 56.0, 73.79679144, 0.0, 0.785714, 不可
 37, 57.0, 74.86631016, 0.0, 0.785714, 不可
 38, 55.0, 71.12299465, 0.0, 0.928571, 不可
 39, 88.0, 87.16577540, 0.0, 0.928571, 優
 40, 57.0, 77.00534759, 0.0, 0.571429, 不可
 41, 1.0, 0.00000000, 0.0, 0.071429, K
 42, 36.0, 47.59358289, 0.0, 0.428571, ※
 43, 55.0, 77.54010695, 0.0, 0.142857, ※
 44, 87.0, 86.09625668, 0.0, 0.428571, 優
 45, 83.0, 82.88770053, 0.0, 0.714286, 優
 46, 83.0, 82.35294118, 0.0, 1.000000, 優
 47, 46.0, 61.49732620, 0.0, 0.500000, ※
 48, 58.0, 77.00534759, 0.0, 0.642857, 不可
 49, 0.0, 0.00000000, 0.0, 0.000000, K
 50, 83.0, 82.88770053, 0.0, 0.428571, 優
 51, 0.0, 0.00000000, 0.0, 0.000000, K
 52, 55.0, 73.79679144, 0.0, 0.500000, ※
 53, 28.0, 36.36363636, 0.0, 0.500000, ※
 54, 0.0, 0.00000000, 0.0, 0.000000, K
 55, 42.0, 54.01069519, 0.0, 0.642857, 不可
 56, 29.0, 34.22459893, 0.0, 1.000000, 不可
 57, 54.0, 70.05347594, 0.0, 0.928571, 不可
 58, 89.0, 88.23529412, 0.0, 0.571429, 優
 59, 91.0, 90.37433155, 0.0, 0.428571, 秀
 60, 87.0, 86.63101604, 0.0, 1.000000, 優
 61, 39.0, 49.19786096, 0.0, 0.785714, 不可
 62, 81.0, 80.21390374, 0.0, 0.785714, 優
 63, 89.0, 88.23529412, 0.0, 1.000000, 優
 64, 90.0, 89.30481283, 0.0, 1.000000, 秀
 65, 23.0, 31.01604278, 0.0, 0.142857, ※
 66, 51.0, 67.37967914, 0.0, 0.642857, 不可
 67, 80.0, 79.67914439, 0.0, 0.357143, 優
 68, 80.0, 79.14438503, 0.0, 0.428571, 優
 69, 53.0, 68.98395722, 0.0, 0.928571, 不可
 70, 45.0, 58.28877005, 0.0, 0.714286, 不可
 71, 57.0, 76.47058824, 0.0, 0.642857, 不可
 72, 81.0, 80.21390374, 0.0, 0.142857, 優
 73, 88.0, 87.16577540, 0.0, 0.857143, 優
 74, 53.0, 68.98395722, 0.0, 0.785714, 不可
 75, 82.0, 81.81818182, 0.0, 0.428571, 優
 76, 50.0, 63.63636364, 0.0, 0.928571, 不可
 77, 45.0, 60.96256684, 0.0, 0.285714, ※
 78, 56.0, 76.47058824, 0.0, 0.428571, ※
 79, 58.0, 74.86631016, 0.0, 0.928571, 不可
 80, 40.0, 53.47593583, 0.0, 0.357143, ※
 81, 49.0, 69.51871658, 0.0, 0.000000, ※
 82, 38.0, 50.80213904, 0.0, 0.357143, ※
 83, 0.0, 0.00000000, 0.0, 0.000000, K
 84, 0.0, 0.00000000, 0.0, 0.000000, K
 85, 3.0, 0.00000000, 0.0, 0.428571, K
 86, 81.0, 80.21390374, 0.0, 0.928571, 優
 87, 1.0, 0.00000000, 0.0, 0.142857, K
 88, 29.0, 37.43315508, 0.0, 0.428571, ※
 89, 59.0, 77.54010695, 0.0, 0.928571, 不可
 90, 88.0, 87.16577540, 0.0, 0.500000, 優
 91, 60.0, 78.60962567, 0.0, 0.857143, 可
 92, 87.0, 86.63101604, 0.0, 1.000000, 優
 93, 1.0, 0.00000000, 0.0, 0.142857, K
 94, 47.0, 63.10160428, 0.0, 0.500000, ※
 95, 52.0, 72.19251337, 0.0, 0.285714, ※
 96, 2.0, 0.00000000, 0.0, 0.285714, K
 97, 55.0, 78.07486631, 0.0, 0.000000, ※
 98, 85.0, 84.49197861, 0.0, 1.000000, 優
 99, 94.0, 93.58288770, 0.0, 0.857143, 秀
100, 80.0, 79.14438503, 0.0, 0.142857, 優
101, 82.0, 81.81818182, 0.0, 0.928571, 優
102, 58.0, 75.40106952, 0.0, 0.928571, 不可
103, 49.0, 67.91443850, 0.0, 0.214286, ※
104, 52.0, 68.44919786, 0.0, 0.642857, 不可
105, 91.0, 90.37433155, 0.0, 1.000000, 秀
106, 56.0, 73.79679144, 0.0, 0.714286, 不可
107, 32.0, 41.71122995, 0.0, 0.500000, ※
108, 86.0, 85.56149733, 0.0, 1.000000, 優
109, 43.0, 58.28877005, 0.0, 0.357143, ※
110, 43.0, 56.68449198, 0.0, 0.500000, ※
111, 96.0, 95.72192513, 0.0, 0.857143, 秀
112, 59.0, 77.00534759, 0.0, 0.857143, 不可
113, 59.0, 78.07486631, 0.0, 0.714286, 不可
114, 60.0, 78.60962567, 0.0, 0.857143, 可
115, 2.0, 0.00000000, 0.0, 0.357143, K
116, 84.0, 83.95721925, 0.0, 0.285714, 優
117, 5.0, 0.00000000, 0.0, 0.857143, K
118, 50.0, 63.10160428, 0.0, 1.000000, 不可
119, 80.0, 79.67914439, 0.0, 0.214286, 優
120, 95.0, 94.65240642, 0.0, 0.571429, 秀
121, 2.0, 0.00000000, 0.0, 0.214286, K
122, 53.0, 70.05347594, 0.0, 0.714286, 不可
123, 80.0, 79.67914439, 0.0, 0.642857, 優
124, 55.0, 78.07486631, 0.0, 0.000000, ※
125, 59.0, 76.47058824, 0.0, 1.000000, 不可
126, 54.0, 69.51871658, 0.0, 1.000000, 不可
127, 17.0, 20.85561497, 0.0, 0.357143, ※
128, 0.0, 0.00000000, 0.0, 0.000000, K
129, 2.0, 0.00000000, 0.0, 0.214286, K
130, 45.0, 61.49732620, 0.0, 0.357143, ※
131, 55.0, 76.47058824, 0.0, 0.142857, ※
132, 86.0, 85.02673797, 0.0, 1.000000, 優
133, 84.0, 83.95721925, 0.0, 1.000000, 優
134, 89.0, 88.77005348, 0.0, 0.500000, 優
135, 80.0, 79.67914439, 0.0, 0.928571, 優
136, 87.0, 86.09625668, 0.0, 0.714286, 優
137, 30.0, 37.43315508, 0.0, 0.714286, 不可
138, 51.0, 70.58823529, 0.0, 0.285714, ※
139, 44.0, 57.75401070, 0.0, 0.714286, 不可
140, 41.0, 55.61497326, 0.0, 0.357143, ※
141, 45.0, 56.68449198, 0.0, 1.000000, 不可
142, 48.0, 65.24064171, 0.0, 0.428571, ※
143, 53.0, 71.12299465, 0.0, 0.500000, ※
144, 83.0, 82.88770053, 0.0, 0.928571, 優
145, 84.0, 83.95721925, 0.0, 0.928571, 優
146, 80.0, 79.14438503, 0.0, 0.857143, 優
147, 54.0, 70.05347594, 0.0, 0.928571, 不可
148, 87.0, 86.63101604, 0.0, 0.285714, 優
149, 94.0, 93.58288770, 0.0, 0.642857, 秀
150, 56.0, 76.47058824, 0.0, 0.428571, ※
151, 1.0, 0.00000000, 0.0, 0.071429, K
152, 48.0, 60.96256684, 0.0, 1.000000, 不可
 Avg: 55.1579(84.8364)
 Max: 96.0000(96.0000)
 Min: 0.0000(60.0000)
  秀:11
  優:42
  良:0
  可:2
不可:41
  Ｋ:20
  ※:36
  1, 76.0, 70.05347594, 54.0, 0.857143, 良
  2, 4.0, 0.00000000, 0.0, 0.642857, K
  3, 87.0, 86.09625668, 35.0, 0.000000, 優
  4, 87.0, 85.02673797, 56.0, 0.785714, 優
  5, 56.0, 56.14973262, 30.0, 0.785714, 不可
  6, 71.0, 68.98395722, 45.0, 0.785714, 良
  7, 76.0, 75.93582888, 48.0, 0.428571, 良
  8, 84.0, 83.95721925, 38.0, 0.785714, 優
  9, 36.0, 32.08556150, 26.0, 0.357143, ※
 10, 58.0, 50.80213904, 51.0, 0.071429, ※
 11, 71.0, 68.98395722, 43.0, 0.928571, 良
 12, 82.0, 81.81818182, 44.0, 0.714286, 優
 13, 72.0, 62.03208556, 57.0, 0.785714, 良
 14, 50.0, 50.26737968, 24.0, 0.785714, 不可
 15, 54.0, 56.68449198, 30.0, 0.357143, ※
 16, 82.0, 81.28342246, 38.0, 0.785714, 優
 17, 72.0, 74.86631016, 34.0, 1.000000, 良
 18, 80.0, 79.67914439, 43.0, 0.071429, 優
 19, 94.0, 93.58288770, 48.0, 0.928571, 秀
 20, 90.0, 89.30481283, 46.0, 1.000000, 秀
 21, 84.0, 83.95721925, 46.0, 1.000000, 優
 22, 76.0, 71.65775401, 50.0, 1.000000, 良
 23, 33.0, 39.57219251, 10.0, 0.071429, ※
 24, 56.0, 60.96256684, 19.0, 0.928571, 不可
 25, 71.0, 67.37967914, 53.0, 0.214286, 良
 26, 65.0, 75.40106952, 24.0, 0.285714, 可
 27, 83.0, 78.60962567, 56.0, 0.785714, 優
 28, 16.0, 0.00000000, 31.0, 0.428571, K
 29, 90.0, 89.83957219, 40.0, 0.785714, 秀
 30, 89.0, 86.09625668, 56.0, 0.928571, 優
 31, 6.0, 0.00000000, 10.0, 0.214286, K
 32, 0.0, 0.00000000, 0.0, 0.000000, K
 33, 67.0, 66.31016043, 45.0, 0.285714, 可
 34, 91.0, 90.90909091, 36.0, 1.000000, 秀
 35, 88.0, 83.95721925, 58.0, 1.000000, 優
 36, 81.0, 73.79679144, 60.0, 0.785714, 優
 37, 74.0, 74.86631016, 41.0, 0.785714, 良
 38, 77.0, 71.12299465, 53.0, 0.928571, 良
 39, 88.0, 87.16577540, 44.0, 0.928571, 優
 40, 81.0, 77.00534759, 56.0, 0.571429, 優
 41, 1.0, 0.00000000, 0.0, 0.071429, K
 42, 58.0, 47.59358289, 52.0, 0.428571, ※
 43, 78.0, 77.54010695, 54.0, 0.142857, 良
 44, 87.0, 86.09625668, 44.0, 0.428571, 優
 45, 83.0, 82.88770053, 24.0, 0.714286, 優
 46, 83.0, 82.35294118, 46.0, 1.000000, 優
 47, 49.0, 61.49732620, 8.0, 0.500000, ※
 48, 72.0, 77.00534759, 35.0, 0.642857, 良
 49, 0.0, 0.00000000, 0.0, 0.000000, K
 50, 83.0, 82.88770053, 46.0, 0.428571, 優
 51, 0.0, 0.00000000, 0.0, 0.000000, K
 52, 67.0, 73.79679144, 30.0, 0.500000, 可
 53, 44.0, 36.36363636, 38.0, 0.500000, ※
 54, 0.0, 0.00000000, 0.0, 0.000000, K
 55, 44.0, 54.01069519, 6.0, 0.642857, 不可
 56, 53.0, 34.22459893, 56.0, 1.000000, 不可
 57, 61.0, 70.05347594, 16.0, 0.928571, 可
 58, 89.0, 88.23529412, 23.0, 0.571429, 優
 59, 91.0, 90.37433155, 58.0, 0.428571, 秀
 60, 91.0, 86.63101604, 60.0, 1.000000, 秀
 61, 43.0, 49.19786096, 10.0, 0.785714, 不可
 62, 85.0, 80.21390374, 58.0, 0.785714, 優
 63, 92.0, 88.23529412, 60.0, 1.000000, 秀
 64, 92.0, 89.30481283, 57.0, 1.000000, 秀
 65, 31.0, 31.01604278, 20.0, 0.142857, ※
 66, 63.0, 67.37967914, 30.0, 0.642857, 可
 67, 80.0, 79.67914439, 42.0, 0.357143, 優
 68, 80.0, 79.14438503, 42.0, 0.428571, 優
 69, 77.0, 68.98395722, 57.0, 0.928571, 良
 70, 48.0, 58.28877005, 8.0, 0.714286, 不可
 71, 82.0, 76.47058824, 60.0, 0.642857, 優
 72, 81.0, 80.21390374, 50.0, 0.142857, 優
 73, 88.0, 87.16577540, 54.0, 0.857143, 優
 74, 77.0, 68.98395722, 58.0, 0.785714, 良
 75, 83.0, 81.81818182, 55.0, 0.428571, 優
 76, 69.0, 63.63636364, 46.0, 0.928571, 可
 77, 49.0, 60.96256684, 10.0, 0.285714, ※
 78, 74.0, 76.47058824, 42.0, 0.428571, 良
 79, 78.0, 74.86631016, 48.0, 0.928571, 良
 80, 60.0, 53.47593583, 48.0, 0.357143, 可
 81, 70.0, 69.51871658, 50.0, 0.000000, 良
 82, 52.0, 50.80213904, 35.0, 0.357143, ※
 83, 0.0, 0.00000000, 0.0, 0.000000, K
 84, 0.0, 0.00000000, 0.0, 0.000000, K
 85, 11.0, 0.00000000, 19.0, 0.428571, K
 86, 81.0, 80.21390374, 42.0, 0.928571, 優
 87, 1.0, 0.00000000, 0.0, 0.142857, K
 88, 44.0, 37.43315508, 37.0, 0.428571, ※
 89, 84.0, 77.54010695, 58.0, 0.928571, 優
 90, 88.0, 87.16577540, 28.0, 0.500000, 優
 91, 76.0, 78.60962567, 38.0, 0.857143, 良
 92, 91.0, 86.63101604, 60.0, 1.000000, 秀
 93, 9.0, 0.00000000, 18.0, 0.142857, K
 94, 67.0, 63.10160428, 47.0, 0.500000, 可
 95, 64.0, 72.19251337, 28.0, 0.285714, 可
 96, 6.0, 0.00000000, 10.0, 0.285714, K
 97, 63.0, 78.07486631, 18.0, 0.000000, 可
 98, 85.0, 84.49197861, 50.0, 1.000000, 優
 99, 95.0, 93.58288770, 60.0, 0.857143, 秀
100, 80.0, 79.14438503, 37.0, 0.142857, 優
101, 87.0, 81.81818182, 60.0, 0.928571, 優
102, 81.0, 75.40106952, 56.0, 0.928571, 優
103, 57.0, 67.91443850, 18.0, 0.214286, ※
104, 71.0, 68.44919786, 46.0, 0.642857, 良
105, 91.0, 90.37433155, 50.0, 1.000000, 秀
106, 78.0, 73.79679144, 53.0, 0.714286, 良
107, 41.0, 41.71122995, 20.0, 0.500000, ※
108, 88.0, 85.56149733, 54.0, 1.000000, 優
109, 67.0, 58.28877005, 58.0, 0.357143, 可
110, 47.0, 56.68449198, 10.0, 0.500000, ※
111, 96.0, 95.72192513, 59.0, 0.857143, 秀
112, 84.0, 77.00534759, 60.0, 0.857143, 優
113, 79.0, 78.07486631, 48.0, 0.714286, 良
114, 85.0, 78.60962567, 60.0, 0.857143, 優
115, 2.0, 0.00000000, 0.0, 0.357143, K
116, 84.0, 83.95721925, 56.0, 0.285714, 優
117, 5.0, 0.00000000, 0.0, 0.857143, K
118, 74.0, 63.10160428, 58.0, 1.000000, 良
119, 80.0, 79.67914439, 54.0, 0.214286, 優
120, 95.0, 94.65240642, 58.0, 0.571429, 秀
121, 9.0, 0.00000000, 17.0, 0.214286, K
122, 74.0, 70.05347594, 50.0, 0.714286, 良
123, 80.0, 79.67914439, 21.0, 0.642857, 優
124, 55.0, 78.07486631, 0.0, 0.000000, ※
125, 80.0, 76.47058824, 50.0, 1.000000, 優
126, 72.0, 69.51871658, 43.0, 1.000000, 良
127, 29.0, 20.85561497, 30.0, 0.357143, ※
128, 0.0, 0.00000000, 0.0, 0.000000, K
129, 18.0, 0.00000000, 40.0, 0.214286, K
130, 65.0, 61.49732620, 46.0, 0.357143, 可
131, 65.0, 76.47058824, 24.0, 0.142857, 可
132, 86.0, 85.02673797, 33.0, 1.000000, 優
133, 84.0, 83.95721925, 38.0, 1.000000, 優
134, 89.0, 88.77005348, 54.0, 0.500000, 優
135, 86.0, 79.67914439, 60.0, 0.928571, 優
136, 89.0, 86.09625668, 60.0, 0.714286, 優
137, 53.0, 37.43315508, 54.0, 0.714286, 不可
138, 76.0, 70.58823529, 60.0, 0.285714, 良
139, 49.0, 57.75401070, 10.0, 0.714286, 不可
140, 41.0, 55.61497326, 0.0, 0.357143, ※
141, 69.0, 56.68449198, 56.0, 1.000000, 可
142, 70.0, 65.24064171, 52.0, 0.428571, 良
143, 73.0, 71.12299465, 49.0, 0.500000, 良
144, 87.0, 82.88770053, 58.0, 0.928571, 優
145, 86.0, 83.95721925, 54.0, 0.928571, 優
146, 80.0, 79.14438503, 34.0, 0.857143, 優
147, 60.0, 70.05347594, 13.0, 0.928571, 可
148, 87.0, 86.63101604, 42.0, 0.285714, 優
149, 94.0, 93.58288770, 54.0, 0.642857, 秀
150, 80.0, 76.47058824, 58.0, 0.428571, 優
151, 1.0, 0.00000000, 0.0, 0.071429, K
152, 64.0, 60.96256684, 38.0, 1.000000, 可
  1, 76.0, 70.05347594, 54.0, 0.857143, 良
  2, 4.0, 0.00000000, 0.0, 0.642857, K
  3, 87.0, 86.09625668, 35.0, 0.000000, 優
  4, 87.0, 85.02673797, 56.0, 0.785714, 優
  5, 56.0, 56.14973262, 30.0, 0.785714, 不可
  6, 71.0, 68.98395722, 45.0, 0.785714, 良
  7, 76.0, 75.93582888, 48.0, 0.428571, 良
  8, 84.0, 83.95721925, 38.0, 0.785714, 優
  9, 36.0, 32.08556150, 26.0, 0.357143, ※
 10, 58.0, 50.80213904, 51.0, 0.071429, ※
 11, 71.0, 68.98395722, 43.0, 0.928571, 良
 12, 82.0, 81.81818182, 44.0, 0.714286, 優
 13, 72.0, 62.03208556, 57.0, 0.785714, 良
 14, 50.0, 50.26737968, 24.0, 0.785714, 不可
 15, 54.0, 56.68449198, 30.0, 0.357143, ※
 16, 82.0, 81.28342246, 38.0, 0.785714, 優
 17, 72.0, 74.86631016, 34.0, 1.000000, 良
 18, 80.0, 79.67914439, 43.0, 0.071429, 優
 19, 94.0, 93.58288770, 48.0, 0.928571, 秀
 20, 90.0, 89.30481283, 46.0, 1.000000, 秀
 21, 84.0, 83.95721925, 46.0, 1.000000, 優
 22, 76.0, 71.65775401, 50.0, 1.000000, 良
 23, 33.0, 39.57219251, 10.0, 0.071429, ※
 24, 56.0, 60.96256684, 19.0, 0.928571, 不可
 25, 71.0, 67.37967914, 53.0, 0.214286, 良
 26, 65.0, 75.40106952, 24.0, 0.285714, 可
 27, 83.0, 78.60962567, 56.0, 0.785714, 優
 28, 16.0, 0.00000000, 31.0, 0.428571, K
 29, 90.0, 89.83957219, 40.0, 0.785714, 秀
 30, 89.0, 86.09625668, 56.0, 0.928571, 優
 31, 6.0, 0.00000000, 10.0, 0.214286, K
 32, 0.0, 0.00000000, 0.0, 0.000000, K
 33, 67.0, 66.31016043, 45.0, 0.285714, 可
 34, 91.0, 90.90909091, 36.0, 1.000000, 秀
 35, 88.0, 83.95721925, 58.0, 1.000000, 優
 36, 81.0, 73.79679144, 60.0, 0.785714, 優
 37, 74.0, 74.86631016, 41.0, 0.785714, 良
 38, 77.0, 71.12299465, 53.0, 0.928571, 良
 39, 88.0, 87.16577540, 44.0, 0.928571, 優
 40, 81.0, 77.00534759, 56.0, 0.571429, 優
 41, 1.0, 0.00000000, 0.0, 0.071429, K
 42, 58.0, 47.59358289, 52.0, 0.428571, ※
 43, 78.0, 77.54010695, 54.0, 0.142857, 良
 44, 87.0, 86.09625668, 44.0, 0.428571, 優
 45, 83.0, 82.88770053, 24.0, 0.714286, 優
 46, 83.0, 82.35294118, 46.0, 1.000000, 優
 47, 49.0, 61.49732620, 8.0, 0.500000, ※
 48, 72.0, 77.00534759, 35.0, 0.642857, 良
 49, 0.0, 0.00000000, 0.0, 0.000000, K
 50, 83.0, 82.88770053, 46.0, 0.428571, 優
 51, 0.0, 0.00000000, 0.0, 0.000000, K
 52, 67.0, 73.79679144, 30.0, 0.500000, 可
 53, 44.0, 36.36363636, 38.0, 0.500000, ※
 54, 0.0, 0.00000000, 0.0, 0.000000, K
 55, 44.0, 54.01069519, 6.0, 0.642857, 不可
 56, 53.0, 34.22459893, 56.0, 1.000000, 不可
 57, 61.0, 70.05347594, 16.0, 0.928571, 可
 58, 89.0, 88.23529412, 23.0, 0.571429, 優
 59, 91.0, 90.37433155, 58.0, 0.428571, 秀
 60, 91.0, 86.63101604, 60.0, 1.000000, 秀
 61, 43.0, 49.19786096, 10.0, 0.785714, 不可
 62, 85.0, 80.21390374, 58.0, 0.785714, 優
 63, 92.0, 88.23529412, 60.0, 1.000000, 秀
 64, 92.0, 89.30481283, 57.0, 1.000000, 秀
 65, 31.0, 31.01604278, 20.0, 0.142857, ※
 66, 63.0, 67.37967914, 30.0, 0.642857, 可
 67, 80.0, 79.67914439, 42.0, 0.357143, 優
 68, 80.0, 79.14438503, 42.0, 0.428571, 優
 69, 77.0, 68.98395722, 57.0, 0.928571, 良
 70, 48.0, 58.28877005, 8.0, 0.714286, 不可
 71, 82.0, 76.47058824, 60.0, 0.642857, 優
 72, 81.0, 80.21390374, 50.0, 0.142857, 優
 73, 88.0, 87.16577540, 54.0, 0.857143, 優
 74, 77.0, 68.98395722, 58.0, 0.785714, 良
 75, 83.0, 81.81818182, 55.0, 0.428571, 優
 76, 69.0, 63.63636364, 46.0, 0.928571, 可
 77, 49.0, 60.96256684, 10.0, 0.285714, ※
 78, 74.0, 76.47058824, 42.0, 0.428571, 良
 79, 78.0, 74.86631016, 48.0, 0.928571, 良
 80, 60.0, 53.47593583, 48.0, 0.357143, 可
 81, 70.0, 69.51871658, 50.0, 0.000000, 良
 82, 52.0, 50.80213904, 35.0, 0.357143, ※
 83, 0.0, 0.00000000, 0.0, 0.000000, K
 84, 0.0, 0.00000000, 0.0, 0.000000, K
 85, 11.0, 0.00000000, 19.0, 0.428571, K
 86, 81.0, 80.21390374, 42.0, 0.928571, 優
 87, 1.0, 0.00000000, 0.0, 0.142857, K
 88, 44.0, 37.43315508, 37.0, 0.428571, ※
 89, 84.0, 77.54010695, 58.0, 0.928571, 優
 90, 88.0, 87.16577540, 28.0, 0.500000, 優
 91, 76.0, 78.60962567, 38.0, 0.857143, 良
 92, 91.0, 86.63101604, 60.0, 1.000000, 秀
 93, 9.0, 0.00000000, 18.0, 0.142857, K
 94, 67.0, 63.10160428, 47.0, 0.500000, 可
 95, 64.0, 72.19251337, 28.0, 0.285714, 可
 96, 6.0, 0.00000000, 10.0, 0.285714, K
 97, 63.0, 78.07486631, 18.0, 0.000000, 可
 98, 85.0, 84.49197861, 50.0, 1.000000, 優
 99, 95.0, 93.58288770, 60.0, 0.857143, 秀
100, 80.0, 79.14438503, 37.0, 0.142857, 優
101, 87.0, 81.81818182, 60.0, 0.928571, 優
102, 81.0, 75.40106952, 56.0, 0.928571, 優
103, 57.0, 67.91443850, 18.0, 0.214286, ※
104, 71.0, 68.44919786, 46.0, 0.642857, 良
105, 91.0, 90.37433155, 50.0, 1.000000, 秀
106, 78.0, 73.79679144, 53.0, 0.714286, 良
107, 41.0, 41.71122995, 20.0, 0.500000, ※
108, 88.0, 85.56149733, 54.0, 1.000000, 優
109, 67.0, 58.28877005, 58.0, 0.357143, 可
110, 47.0, 56.68449198, 10.0, 0.500000, ※
111, 96.0, 95.72192513, 59.0, 0.857143, 秀
112, 84.0, 77.00534759, 60.0, 0.857143, 優
113, 79.0, 78.07486631, 48.0, 0.714286, 良
114, 85.0, 78.60962567, 60.0, 0.857143, 優
115, 2.0, 0.00000000, 0.0, 0.357143, K
116, 84.0, 83.95721925, 56.0, 0.285714, 優
117, 5.0, 0.00000000, 0.0, 0.857143, K
118, 74.0, 63.10160428, 58.0, 1.000000, 良
119, 80.0, 79.67914439, 54.0, 0.214286, 優
120, 95.0, 94.65240642, 58.0, 0.571429, 秀
121, 9.0, 0.00000000, 17.0, 0.214286, K
122, 74.0, 70.05347594, 50.0, 0.714286, 良
123, 80.0, 79.67914439, 21.0, 0.642857, 優
124, 55.0, 78.07486631, 0.0, 0.000000, ※
125, 80.0, 76.47058824, 50.0, 1.000000, 優
126, 72.0, 69.51871658, 43.0, 1.000000, 良
127, 29.0, 20.85561497, 30.0, 0.357143, ※
128, 0.0, 0.00000000, 0.0, 0.000000, K
129, 18.0, 0.00000000, 40.0, 0.214286, K
130, 65.0, 61.49732620, 46.0, 0.357143, 可
131, 65.0, 76.47058824, 24.0, 0.142857, 可
132, 86.0, 85.02673797, 33.0, 1.000000, 優
133, 84.0, 83.95721925, 38.0, 1.000000, 優
134, 89.0, 88.77005348, 54.0, 0.500000, 優
135, 86.0, 79.67914439, 60.0, 0.928571, 優
136, 89.0, 86.09625668, 60.0, 0.714286, 優
137, 53.0, 37.43315508, 54.0, 0.714286, 不可
138, 76.0, 70.58823529, 60.0, 0.285714, 良
139, 49.0, 57.75401070, 10.0, 0.714286, 不可
140, 41.0, 55.61497326, 0.0, 0.357143, ※
141, 69.0, 56.68449198, 56.0, 1.000000, 可
142, 70.0, 65.24064171, 52.0, 0.428571, 良
143, 73.0, 71.12299465, 49.0, 0.500000, 良
144, 87.0, 82.88770053, 58.0, 0.928571, 優
145, 86.0, 83.95721925, 54.0, 0.928571, 優
146, 80.0, 79.14438503, 34.0, 0.857143, 優
147, 60.0, 70.05347594, 13.0, 0.928571, 可
148, 87.0, 86.63101604, 42.0, 0.285714, 優
149, 94.0, 93.58288770, 54.0, 0.642857, 秀
150, 80.0, 76.47058824, 58.0, 0.428571, 優
151, 1.0, 0.00000000, 0.0, 0.071429, K
152, 64.0, 60.96256684, 38.0, 1.000000, 可
  1, 76.0, 70.05347594, 54.0, 0.857143, 良
  2, 4.0, 0.00000000, 0.0, 0.642857, K
  3, 87.0, 86.09625668, 35.0, 0.000000, 優
  4, 87.0, 85.02673797, 56.0, 0.785714, 優
  5, 56.0, 56.14973262, 30.0, 0.785714, 不可
  6, 71.0, 68.98395722, 45.0, 0.785714, 良
  7, 76.0, 75.93582888, 48.0, 0.428571, 良
  8, 84.0, 83.95721925, 38.0, 0.785714, 優
  9, 36.0, 32.08556150, 26.0, 0.357143, ※
 10, 58.0, 50.80213904, 51.0, 0.071429, ※
 11, 71.0, 68.98395722, 43.0, 0.928571, 良
 12, 82.0, 81.81818182, 44.0, 0.714286, 優
 13, 72.0, 62.03208556, 57.0, 0.785714, 良
 14, 50.0, 50.26737968, 24.0, 0.785714, 不可
 15, 54.0, 56.68449198, 30.0, 0.357143, ※
 16, 82.0, 81.28342246, 38.0, 0.785714, 優
 17, 72.0, 74.86631016, 34.0, 1.000000, 良
 18, 80.0, 79.67914439, 43.0, 0.071429, 優
 19, 94.0, 93.58288770, 48.0, 0.928571, 秀
 20, 90.0, 89.30481283, 46.0, 1.000000, 秀
 21, 84.0, 83.95721925, 46.0, 1.000000, 優
 22, 76.0, 71.65775401, 50.0, 1.000000, 良
 23, 33.0, 39.57219251, 10.0, 0.071429, ※
 24, 56.0, 60.96256684, 19.0, 0.928571, 不可
 25, 71.0, 67.37967914, 53.0, 0.214286, 良
 26, 65.0, 75.40106952, 24.0, 0.285714, 可
 27, 83.0, 78.60962567, 56.0, 0.785714, 優
 28, 16.0, 0.00000000, 31.0, 0.428571, K
 29, 90.0, 89.83957219, 40.0, 0.785714, 秀
 30, 89.0, 86.09625668, 56.0, 0.928571, 優
 31, 6.0, 0.00000000, 10.0, 0.214286, K
 32, 0.0, 0.00000000, 0.0, 0.000000, K
 33, 67.0, 66.31016043, 45.0, 0.285714, 可
 34, 91.0, 90.90909091, 36.0, 1.000000, 秀
 35, 88.0, 83.95721925, 58.0, 1.000000, 優
 36, 81.0, 73.79679144, 60.0, 0.785714, 優
 37, 74.0, 74.86631016, 41.0, 0.785714, 良
 38, 77.0, 71.12299465, 53.0, 0.928571, 良
 39, 88.0, 87.16577540, 44.0, 0.928571, 優
 40, 81.0, 77.00534759, 56.0, 0.571429, 優
 41, 1.0, 0.00000000, 0.0, 0.071429, K
 42, 58.0, 47.59358289, 52.0, 0.428571, ※
 43, 78.0, 77.54010695, 54.0, 0.142857, 良
 44, 87.0, 86.09625668, 44.0, 0.428571, 優
 45, 83.0, 82.88770053, 24.0, 0.714286, 優
 46, 83.0, 82.35294118, 46.0, 1.000000, 優
 47, 49.0, 61.49732620, 8.0, 0.500000, ※
 48, 72.0, 77.00534759, 35.0, 0.642857, 良
 49, 0.0, 0.00000000, 0.0, 0.000000, K
 50, 83.0, 82.88770053, 46.0, 0.428571, 優
 51, 0.0, 0.00000000, 0.0, 0.000000, K
 52, 67.0, 73.79679144, 30.0, 0.500000, 可
 53, 44.0, 36.36363636, 38.0, 0.500000, ※
 54, 0.0, 0.00000000, 0.0, 0.000000, K
 55, 44.0, 54.01069519, 6.0, 0.642857, 不可
 56, 53.0, 34.22459893, 56.0, 1.000000, 不可
 57, 61.0, 70.05347594, 16.0, 0.928571, 可
 58, 89.0, 88.23529412, 23.0, 0.571429, 優
 59, 91.0, 90.37433155, 58.0, 0.428571, 秀
 60, 91.0, 86.63101604, 60.0, 1.000000, 秀
 61, 43.0, 49.19786096, 10.0, 0.785714, 不可
 62, 85.0, 80.21390374, 58.0, 0.785714, 優
 63, 92.0, 88.23529412, 60.0, 1.000000, 秀
 64, 92.0, 89.30481283, 57.0, 1.000000, 秀
 65, 31.0, 31.01604278, 20.0, 0.142857, ※
 66, 63.0, 67.37967914, 30.0, 0.642857, 可
 67, 80.0, 79.67914439, 42.0, 0.357143, 優
 68, 80.0, 79.14438503, 42.0, 0.428571, 優
 69, 77.0, 68.98395722, 57.0, 0.928571, 良
 70, 48.0, 58.28877005, 8.0, 0.714286, 不可
 71, 82.0, 76.47058824, 60.0, 0.642857, 優
 72, 81.0, 80.21390374, 50.0, 0.142857, 優
 73, 88.0, 87.16577540, 54.0, 0.857143, 優
 74, 77.0, 68.98395722, 58.0, 0.785714, 良
 75, 83.0, 81.81818182, 55.0, 0.428571, 優
 76, 69.0, 63.63636364, 46.0, 0.928571, 可
 77, 49.0, 60.96256684, 10.0, 0.285714, ※
 78, 74.0, 76.47058824, 42.0, 0.428571, 良
 79, 78.0, 74.86631016, 48.0, 0.928571, 良
 80, 60.0, 53.47593583, 48.0, 0.357143, 可
 81, 70.0, 69.51871658, 50.0, 0.000000, 良
 82, 52.0, 50.80213904, 35.0, 0.357143, ※
 83, 0.0, 0.00000000, 0.0, 0.000000, K
 84, 0.0, 0.00000000, 0.0, 0.000000, K
 85, 11.0, 0.00000000, 19.0, 0.428571, K
 86, 81.0, 80.21390374, 42.0, 0.928571, 優
 87, 1.0, 0.00000000, 0.0, 0.142857, K
 88, 44.0, 37.43315508, 37.0, 0.428571, ※
 89, 84.0, 77.54010695, 58.0, 0.928571, 優
 90, 88.0, 87.16577540, 28.0, 0.500000, 優
 91, 76.0, 78.60962567, 38.0, 0.857143, 良
 92, 91.0, 86.63101604, 60.0, 1.000000, 秀
 93, 9.0, 0.00000000, 18.0, 0.142857, K
 94, 67.0, 63.10160428, 47.0, 0.500000, 可
 95, 64.0, 72.19251337, 28.0, 0.285714, 可
 96, 6.0, 0.00000000, 10.0, 0.285714, K
 97, 63.0, 78.07486631, 18.0, 0.000000, 可
 98, 85.0, 84.49197861, 50.0, 1.000000, 優
 99, 95.0, 93.58288770, 60.0, 0.857143, 秀
100, 80.0, 79.14438503, 37.0, 0.142857, 優
101, 87.0, 81.81818182, 60.0, 0.928571, 優
102, 81.0, 75.40106952, 56.0, 0.928571, 優
103, 57.0, 67.91443850, 18.0, 0.214286, ※
104, 71.0, 68.44919786, 46.0, 0.642857, 良
105, 91.0, 90.37433155, 50.0, 1.000000, 秀
106, 78.0, 73.79679144, 53.0, 0.714286, 良
107, 41.0, 41.71122995, 20.0, 0.500000, ※
108, 88.0, 85.56149733, 54.0, 1.000000, 優
109, 67.0, 58.28877005, 58.0, 0.357143, 可
110, 47.0, 56.68449198, 10.0, 0.500000, ※
111, 96.0, 95.72192513, 59.0, 0.857143, 秀
112, 84.0, 77.00534759, 60.0, 0.857143, 優
113, 79.0, 78.07486631, 48.0, 0.714286, 良
114, 85.0, 78.60962567, 60.0, 0.857143, 優
115, 2.0, 0.00000000, 0.0, 0.357143, K
116, 84.0, 83.95721925, 56.0, 0.285714, 優
117, 5.0, 0.00000000, 0.0, 0.857143, K
118, 74.0, 63.10160428, 58.0, 1.000000, 良
119, 80.0, 79.67914439, 54.0, 0.214286, 優
120, 95.0, 94.65240642, 58.0, 0.571429, 秀
121, 9.0, 0.00000000, 17.0, 0.214286, K
122, 74.0, 70.05347594, 50.0, 0.714286, 良
123, 80.0, 79.67914439, 21.0, 0.642857, 優
124, 55.0, 78.07486631, 0.0, 0.000000, ※
125, 80.0, 76.47058824, 50.0, 1.000000, 優
126, 72.0, 69.51871658, 43.0, 1.000000, 良
127, 29.0, 20.85561497, 30.0, 0.357143, ※
128, 0.0, 0.00000000, 0.0, 0.000000, K
129, 18.0, 0.00000000, 40.0, 0.214286, K
130, 65.0, 61.49732620, 46.0, 0.357143, 可
131, 65.0, 76.47058824, 24.0, 0.142857, 可
132, 86.0, 85.02673797, 33.0, 1.000000, 優
133, 84.0, 83.95721925, 38.0, 1.000000, 優
134, 89.0, 88.77005348, 54.0, 0.500000, 優
135, 86.0, 79.67914439, 60.0, 0.928571, 優
136, 89.0, 86.09625668, 60.0, 0.714286, 優
137, 53.0, 37.43315508, 54.0, 0.714286, 不可
138, 76.0, 70.58823529, 60.0, 0.285714, 良
139, 49.0, 57.75401070, 10.0, 0.714286, 不可
140, 41.0, 55.61497326, 0.0, 0.357143, ※
141, 69.0, 56.68449198, 56.0, 1.000000, 可
142, 70.0, 65.24064171, 52.0, 0.428571, 良
143, 73.0, 71.12299465, 49.0, 0.500000, 良
144, 87.0, 82.88770053, 58.0, 0.928571, 優
145, 86.0, 83.95721925, 54.0, 0.928571, 優
146, 80.0, 79.14438503, 34.0, 0.857143, 優
147, 60.0, 70.05347594, 13.0, 0.928571, 可
148, 87.0, 86.63101604, 42.0, 0.285714, 優
149, 94.0, 93.58288770, 54.0, 0.642857, 秀
150, 80.0, 76.47058824, 58.0, 0.428571, 優
151, 1.0, 0.00000000, 0.0, 0.071429, K
152, 64.0, 60.96256684, 38.0, 1.000000, 可
 Avg: 64.3026(79.7642)
 Max: 96.0000(96.0000)
 Min: 0.0000(60.0000)
単位取得率: 69.7368％ (106/152)
  秀:14 ( 9.2105％ (14/152),  13.2075％ (14/106))
  優:49 ( 32.2368％ (49/152),  46.2264％ (49/106))
  良:27 ( 17.7632％ (27/152),  25.4717％ (27/106))
  可:16 ( 10.5263％ (16/152),  15.0943％ (16/106))
不可:9 ( 5.9211％ (9/152))
  Ｋ:20 ( 13.1579％ (20/152))
  ※ :17 ( 11.1842％ (17/152))
  1, 76.0, 70.05347594, 54.0, 0.857143, 良
  2, 4.0, 0.00000000, 0.0, 0.642857, K
  3, 87.0, 86.09625668, 35.0, 0.000000, 優
  4, 87.0, 85.02673797, 56.0, 0.785714, 優
  5, 56.0, 56.14973262, 30.0, 0.785714, 不可
  6, 71.0, 68.98395722, 45.0, 0.785714, 良
  7, 76.0, 75.93582888, 48.0, 0.428571, 良
  8, 84.0, 83.95721925, 38.0, 0.785714, 優
  9, 36.0, 32.08556150, 26.0, 0.357143, ※
 10, 58.0, 50.80213904, 51.0, 0.071429, ※
 11, 71.0, 68.98395722, 43.0, 0.928571, 良
 12, 82.0, 81.81818182, 44.0, 0.714286, 優
 13, 72.0, 62.03208556, 57.0, 0.785714, 良
 14, 50.0, 50.26737968, 24.0, 0.785714, 不可
 15, 54.0, 56.68449198, 30.0, 0.357143, ※
 16, 82.0, 81.28342246, 38.0, 0.785714, 優
 17, 72.0, 74.86631016, 34.0, 1.000000, 良
 18, 80.0, 79.67914439, 43.0, 0.071429, 優
 19, 94.0, 93.58288770, 48.0, 0.928571, 秀
 20, 90.0, 89.30481283, 46.0, 1.000000, 秀
 21, 84.0, 83.95721925, 46.0, 1.000000, 優
 22, 76.0, 71.65775401, 50.0, 1.000000, 良
 23, 33.0, 39.57219251, 10.0, 0.071429, ※
 24, 56.0, 60.96256684, 19.0, 0.928571, 不可
 25, 71.0, 67.37967914, 53.0, 0.214286, 良
 26, 65.0, 75.40106952, 24.0, 0.285714, 可
 27, 83.0, 78.60962567, 56.0, 0.785714, 優
 28, 16.0, 0.00000000, 31.0, 0.428571, K
 29, 90.0, 89.83957219, 40.0, 0.785714, 秀
 30, 89.0, 86.09625668, 56.0, 0.928571, 優
 31, 6.0, 0.00000000, 10.0, 0.214286, K
 32, 0.0, 0.00000000, 0.0, 0.000000, K
 33, 67.0, 66.31016043, 45.0, 0.285714, 可
 34, 91.0, 90.90909091, 36.0, 1.000000, 秀
 35, 88.0, 83.95721925, 58.0, 1.000000, 優
 36, 81.0, 73.79679144, 60.0, 0.785714, 優
 37, 74.0, 74.86631016, 41.0, 0.785714, 良
 38, 77.0, 71.12299465, 53.0, 0.928571, 良
 39, 88.0, 87.16577540, 44.0, 0.928571, 優
 40, 81.0, 77.00534759, 56.0, 0.571429, 優
 41, 1.0, 0.00000000, 0.0, 0.071429, K
 42, 58.0, 47.59358289, 52.0, 0.428571, ※
 43, 78.0, 77.54010695, 54.0, 0.142857, 良
 44, 87.0, 86.09625668, 44.0, 0.428571, 優
 45, 83.0, 82.88770053, 24.0, 0.714286, 優
 46, 83.0, 82.35294118, 46.0, 1.000000, 優
 47, 49.0, 61.49732620, 8.0, 0.500000, ※
 48, 72.0, 77.00534759, 35.0, 0.642857, 良
 49, 0.0, 0.00000000, 0.0, 0.000000, K
 50, 83.0, 82.88770053, 46.0, 0.428571, 優
 51, 0.0, 0.00000000, 0.0, 0.000000, K
 52, 67.0, 73.79679144, 30.0, 0.500000, 可
 53, 44.0, 36.36363636, 38.0, 0.500000, ※
 54, 0.0, 0.00000000, 0.0, 0.000000, K
 55, 44.0, 54.01069519, 6.0, 0.642857, 不可
 56, 53.0, 34.22459893, 56.0, 1.000000, 不可
 57, 61.0, 70.05347594, 16.0, 0.928571, 可
 58, 89.0, 88.23529412, 23.0, 0.571429, 優
 59, 91.0, 90.37433155, 58.0, 0.428571, 秀
 60, 91.0, 86.63101604, 60.0, 1.000000, 秀
 61, 43.0, 49.19786096, 10.0, 0.785714, 不可
 62, 85.0, 80.21390374, 58.0, 0.785714, 優
 63, 92.0, 88.23529412, 60.0, 1.000000, 秀
 64, 92.0, 89.30481283, 57.0, 1.000000, 秀
 65, 31.0, 31.01604278, 20.0, 0.142857, ※
 66, 63.0, 67.37967914, 30.0, 0.642857, 可
 67, 80.0, 79.67914439, 42.0, 0.357143, 優
 68, 80.0, 79.14438503, 42.0, 0.428571, 優
 69, 77.0, 68.98395722, 57.0, 0.928571, 良
 70, 48.0, 58.28877005, 8.0, 0.714286, 不可
 71, 82.0, 76.47058824, 60.0, 0.642857, 優
 72, 81.0, 80.21390374, 50.0, 0.142857, 優
 73, 88.0, 87.16577540, 54.0, 0.857143, 優
 74, 77.0, 68.98395722, 58.0, 0.785714, 良
 75, 83.0, 81.81818182, 55.0, 0.428571, 優
 76, 69.0, 63.63636364, 46.0, 0.928571, 可
 77, 49.0, 60.96256684, 10.0, 0.285714, ※
 78, 74.0, 76.47058824, 42.0, 0.428571, 良
 79, 78.0, 74.86631016, 48.0, 0.928571, 良
 80, 60.0, 53.47593583, 48.0, 0.357143, 可
 81, 70.0, 69.51871658, 50.0, 0.000000, 良
 82, 52.0, 50.80213904, 35.0, 0.357143, ※
 83, 0.0, 0.00000000, 0.0, 0.000000, K
 84, 0.0, 0.00000000, 0.0, 0.000000, K
 85, 11.0, 0.00000000, 19.0, 0.428571, K
 86, 81.0, 80.21390374, 42.0, 0.928571, 優
 87, 1.0, 0.00000000, 0.0, 0.142857, K
 88, 44.0, 37.43315508, 37.0, 0.428571, ※
 89, 84.0, 77.54010695, 58.0, 0.928571, 優
 90, 88.0, 87.16577540, 28.0, 0.500000, 優
 91, 76.0, 78.60962567, 38.0, 0.857143, 良
 92, 91.0, 86.63101604, 60.0, 1.000000, 秀
 93, 9.0, 0.00000000, 18.0, 0.142857, K
 94, 67.0, 63.10160428, 47.0, 0.500000, 可
 95, 64.0, 72.19251337, 28.0, 0.285714, 可
 96, 6.0, 0.00000000, 10.0, 0.285714, K
 97, 63.0, 78.07486631, 18.0, 0.000000, 可
 98, 85.0, 84.49197861, 50.0, 1.000000, 優
 99, 95.0, 93.58288770, 60.0, 0.857143, 秀
100, 80.0, 79.14438503, 37.0, 0.142857, 優
101, 87.0, 81.81818182, 60.0, 0.928571, 優
102, 81.0, 75.40106952, 56.0, 0.928571, 優
103, 57.0, 67.91443850, 18.0, 0.214286, ※
104, 71.0, 68.44919786, 46.0, 0.642857, 良
105, 91.0, 90.37433155, 50.0, 1.000000, 秀
106, 78.0, 73.79679144, 53.0, 0.714286, 良
107, 41.0, 41.71122995, 20.0, 0.500000, ※
108, 88.0, 85.56149733, 54.0, 1.000000, 優
109, 67.0, 58.28877005, 58.0, 0.357143, 可
110, 47.0, 56.68449198, 10.0, 0.500000, ※
111, 96.0, 95.72192513, 59.0, 0.857143, 秀
112, 84.0, 77.00534759, 60.0, 0.857143, 優
113, 79.0, 78.07486631, 48.0, 0.714286, 良
114, 85.0, 78.60962567, 60.0, 0.857143, 優
115, 2.0, 0.00000000, 0.0, 0.357143, K
116, 84.0, 83.95721925, 56.0, 0.285714, 優
117, 5.0, 0.00000000, 0.0, 0.857143, K
118, 74.0, 63.10160428, 58.0, 1.000000, 良
119, 80.0, 79.67914439, 54.0, 0.214286, 優
120, 95.0, 94.65240642, 58.0, 0.571429, 秀
121, 9.0, 0.00000000, 17.0, 0.214286, K
122, 74.0, 70.05347594, 50.0, 0.714286, 良
123, 80.0, 79.67914439, 21.0, 0.642857, 優
124, 55.0, 78.07486631, 0.0, 0.000000, ※
125, 80.0, 76.47058824, 50.0, 1.000000, 優
126, 72.0, 69.51871658, 43.0, 1.000000, 良
127, 29.0, 20.85561497, 30.0, 0.357143, ※
128, 0.0, 0.00000000, 0.0, 0.000000, K
129, 18.0, 0.00000000, 40.0, 0.214286, K
130, 65.0, 61.49732620, 46.0, 0.357143, 可
131, 65.0, 76.47058824, 24.0, 0.142857, 可
132, 86.0, 85.02673797, 33.0, 1.000000, 優
133, 84.0, 83.95721925, 38.0, 1.000000, 優
134, 89.0, 88.77005348, 54.0, 0.500000, 優
135, 86.0, 79.67914439, 60.0, 0.928571, 優
136, 89.0, 86.09625668, 60.0, 0.714286, 優
137, 53.0, 37.43315508, 54.0, 0.714286, 不可
138, 76.0, 70.58823529, 60.0, 0.285714, 良
139, 49.0, 57.75401070, 10.0, 0.714286, 不可
140, 41.0, 55.61497326, 0.0, 0.357143, ※
141, 69.0, 56.68449198, 56.0, 1.000000, 可
142, 70.0, 65.24064171, 52.0, 0.428571, 良
143, 73.0, 71.12299465, 49.0, 0.500000, 良
144, 87.0, 82.88770053, 58.0, 0.928571, 優
145, 86.0, 83.95721925, 54.0, 0.928571, 優
146, 80.0, 79.14438503, 34.0, 0.857143, 優
147, 60.0, 70.05347594, 13.0, 0.928571, 可
148, 87.0, 86.63101604, 42.0, 0.285714, 優
149, 94.0, 93.58288770, 54.0, 0.642857, 秀
150, 80.0, 76.47058824, 58.0, 0.428571, 優
151, 1.0, 0.00000000, 0.0, 0.071429, K
152, 64.0, 60.96256684, 38.0, 1.000000, 可
 Avg: 64.3026(79.7642)
 Max: 96.0000(96.0000)
 Min: 0.0000(60.0000)
単位取得率: 69.7368％ (106/152)
  秀:14 ( 9.2105％ (14/152),  13.2075％ (14/106))
  優:49 ( 32.2368％ (49/152),  46.2264％ (49/106))
  良:27 ( 17.7632％ (27/152),  25.4717％ (27/106))
  可:16 ( 10.5263％ (16/152),  15.0943％ (16/106))
不可:9 ( 5.9211％ (9/152))
  Ｋ:20 ( 13.1579％ (20/152))
  ※ :17 ( 11.1842％ (17/152))
  1, 76.0, 70.05347594, 54.0, 0.857143, 良
  2, 4.0, 0.00000000, 0.0, 0.642857, K
  3, 87.0, 86.09625668, 35.0, 0.000000, 優
  4, 87.0, 85.02673797, 56.0, 0.785714, 優
  5, 56.0, 56.14973262, 30.0, 0.785714, 不可
  6, 71.0, 68.98395722, 45.0, 0.785714, 良
  7, 76.0, 75.93582888, 48.0, 0.428571, 良
  8, 84.0, 83.95721925, 38.0, 0.785714, 優
  9, 36.0, 32.08556150, 26.0, 0.357143, ※
 10, 58.0, 50.80213904, 51.0, 0.071429, ※
 11, 71.0, 68.98395722, 43.0, 0.928571, 良
 12, 82.0, 81.81818182, 44.0, 0.714286, 優
 13, 72.0, 62.03208556, 57.0, 0.785714, 良
 14, 50.0, 50.26737968, 24.0, 0.785714, 不可
 15, 54.0, 56.68449198, 30.0, 0.357143, ※
 16, 82.0, 81.28342246, 38.0, 0.785714, 優
 17, 72.0, 74.86631016, 34.0, 1.000000, 良
 18, 80.0, 79.67914439, 43.0, 0.071429, 優
 19, 94.0, 93.58288770, 48.0, 0.928571, 秀
 20, 90.0, 89.30481283, 46.0, 1.000000, 秀
 21, 84.0, 83.95721925, 46.0, 1.000000, 優
 22, 76.0, 71.65775401, 50.0, 1.000000, 良
 23, 33.0, 39.57219251, 10.0, 0.071429, ※
 24, 56.0, 60.96256684, 19.0, 0.928571, 不可
 25, 71.0, 67.37967914, 53.0, 0.214286, 良
 26, 65.0, 75.40106952, 24.0, 0.285714, 可
 27, 83.0, 78.60962567, 56.0, 0.785714, 優
 28, 16.0, 0.00000000, 31.0, 0.428571, K
 29, 90.0, 89.83957219, 40.0, 0.785714, 秀
 30, 89.0, 86.09625668, 56.0, 0.928571, 優
 31, 6.0, 0.00000000, 10.0, 0.214286, K
 32, 0.0, 0.00000000, 0.0, 0.000000, K
 33, 67.0, 66.31016043, 45.0, 0.285714, 可
 34, 91.0, 90.90909091, 36.0, 1.000000, 秀
 35, 88.0, 83.95721925, 58.0, 1.000000, 優
 36, 81.0, 73.79679144, 60.0, 0.785714, 優
 37, 74.0, 74.86631016, 41.0, 0.785714, 良
 38, 77.0, 71.12299465, 53.0, 0.928571, 良
 39, 88.0, 87.16577540, 44.0, 0.928571, 優
 40, 81.0, 77.00534759, 56.0, 0.571429, 優
 41, 1.0, 0.00000000, 0.0, 0.071429, K
 42, 58.0, 47.59358289, 52.0, 0.428571, ※
 43, 78.0, 77.54010695, 54.0, 0.142857, 良
 44, 87.0, 86.09625668, 44.0, 0.428571, 優
 45, 83.0, 82.88770053, 24.0, 0.714286, 優
 46, 83.0, 82.35294118, 46.0, 1.000000, 優
 47, 49.0, 61.49732620, 8.0, 0.500000, ※
 48, 72.0, 77.00534759, 35.0, 0.642857, 良
 49, 0.0, 0.00000000, 0.0, 0.000000, K
 50, 83.0, 82.88770053, 46.0, 0.428571, 優
 51, 0.0, 0.00000000, 0.0, 0.000000, K
 52, 67.0, 73.79679144, 30.0, 0.500000, 可
 53, 44.0, 36.36363636, 38.0, 0.500000, ※
 54, 0.0, 0.00000000, 0.0, 0.000000, K
 55, 44.0, 54.01069519, 6.0, 0.642857, 不可
 56, 53.0, 34.22459893, 56.0, 1.000000, 不可
 57, 61.0, 70.05347594, 16.0, 0.928571, 可
 58, 89.0, 88.23529412, 23.0, 0.571429, 優
 59, 91.0, 90.37433155, 58.0, 0.428571, 秀
 60, 91.0, 86.63101604, 60.0, 1.000000, 秀
 61, 43.0, 49.19786096, 10.0, 0.785714, 不可
 62, 85.0, 80.21390374, 58.0, 0.785714, 優
 63, 92.0, 88.23529412, 60.0, 1.000000, 秀
 64, 92.0, 89.30481283, 57.0, 1.000000, 秀
 65, 31.0, 31.01604278, 20.0, 0.142857, ※
 66, 63.0, 67.37967914, 30.0, 0.642857, 可
 67, 80.0, 79.67914439, 42.0, 0.357143, 優
 68, 80.0, 79.14438503, 42.0, 0.428571, 優
 69, 77.0, 68.98395722, 57.0, 0.928571, 良
 70, 48.0, 58.28877005, 8.0, 0.714286, 不可
 71, 82.0, 76.47058824, 60.0, 0.642857, 優
 72, 81.0, 80.21390374, 50.0, 0.142857, 優
 73, 88.0, 87.16577540, 54.0, 0.857143, 優
 74, 77.0, 68.98395722, 58.0, 0.785714, 良
 75, 83.0, 81.81818182, 55.0, 0.428571, 優
 76, 69.0, 63.63636364, 46.0, 0.928571, 可
 77, 49.0, 60.96256684, 10.0, 0.285714, ※
 78, 74.0, 76.47058824, 42.0, 0.428571, 良
 79, 78.0, 74.86631016, 48.0, 0.928571, 良
 80, 60.0, 53.47593583, 48.0, 0.357143, 可
 81, 70.0, 69.51871658, 50.0, 0.000000, 良
 82, 52.0, 50.80213904, 35.0, 0.357143, ※
 83, 0.0, 0.00000000, 0.0, 0.000000, K
 84, 0.0, 0.00000000, 0.0, 0.000000, K
 85, 11.0, 0.00000000, 19.0, 0.428571, K
 86, 81.0, 80.21390374, 42.0, 0.928571, 優
 87, 1.0, 0.00000000, 0.0, 0.142857, K
 88, 44.0, 37.43315508, 37.0, 0.428571, ※
 89, 84.0, 77.54010695, 58.0, 0.928571, 優
 90, 88.0, 87.16577540, 28.0, 0.500000, 優
 91, 76.0, 78.60962567, 38.0, 0.857143, 良
 92, 91.0, 86.63101604, 60.0, 1.000000, 秀
 93, 9.0, 0.00000000, 18.0, 0.142857, K
 94, 67.0, 63.10160428, 47.0, 0.500000, 可
 95, 64.0, 72.19251337, 28.0, 0.285714, 可
 96, 6.0, 0.00000000, 10.0, 0.285714, K
 97, 63.0, 78.07486631, 18.0, 0.000000, 可
 98, 85.0, 84.49197861, 50.0, 1.000000, 優
 99, 95.0, 93.58288770, 60.0, 0.857143, 秀
100, 80.0, 79.14438503, 37.0, 0.142857, 優
101, 87.0, 81.81818182, 60.0, 0.928571, 優
102, 81.0, 75.40106952, 56.0, 0.928571, 優
103, 57.0, 67.91443850, 18.0, 0.214286, ※
104, 71.0, 68.44919786, 46.0, 0.642857, 良
105, 91.0, 90.37433155, 50.0, 1.000000, 秀
106, 78.0, 73.79679144, 53.0, 0.714286, 良
107, 41.0, 41.71122995, 20.0, 0.500000, ※
108, 88.0, 85.56149733, 54.0, 1.000000, 優
109, 67.0, 58.28877005, 58.0, 0.357143, 可
110, 47.0, 56.68449198, 10.0, 0.500000, ※
111, 96.0, 95.72192513, 59.0, 0.857143, 秀
112, 84.0, 77.00534759, 60.0, 0.857143, 優
113, 79.0, 78.07486631, 48.0, 0.714286, 良
114, 85.0, 78.60962567, 60.0, 0.857143, 優
115, 2.0, 0.00000000, 0.0, 0.357143, K
116, 84.0, 83.95721925, 56.0, 0.285714, 優
117, 5.0, 0.00000000, 0.0, 0.857143, K
118, 74.0, 63.10160428, 58.0, 1.000000, 良
119, 80.0, 79.67914439, 54.0, 0.214286, 優
120, 95.0, 94.65240642, 58.0, 0.571429, 秀
121, 9.0, 0.00000000, 17.0, 0.214286, K
122, 74.0, 70.05347594, 50.0, 0.714286, 良
123, 80.0, 79.67914439, 21.0, 0.642857, 優
124, 55.0, 78.07486631, 0.0, 0.000000, ※
125, 80.0, 76.47058824, 50.0, 1.000000, 優
126, 72.0, 69.51871658, 43.0, 1.000000, 良
127, 29.0, 20.85561497, 30.0, 0.357143, ※
128, 0.0, 0.00000000, 0.0, 0.000000, K
129, 18.0, 0.00000000, 40.0, 0.214286, K
130, 65.0, 61.49732620, 46.0, 0.357143, 可
131, 65.0, 76.47058824, 24.0, 0.142857, 可
132, 86.0, 85.02673797, 33.0, 1.000000, 優
133, 84.0, 83.95721925, 38.0, 1.000000, 優
134, 89.0, 88.77005348, 54.0, 0.500000, 優
135, 86.0, 79.67914439, 60.0, 0.928571, 優
136, 89.0, 86.09625668, 60.0, 0.714286, 優
137, 53.0, 37.43315508, 54.0, 0.714286, 不可
138, 76.0, 70.58823529, 60.0, 0.285714, 良
139, 49.0, 57.75401070, 10.0, 0.714286, 不可
140, 41.0, 55.61497326, 0.0, 0.357143, ※
141, 69.0, 56.68449198, 56.0, 1.000000, 可
142, 70.0, 65.24064171, 52.0, 0.428571, 良
143, 73.0, 71.12299465, 49.0, 0.500000, 良
144, 87.0, 82.88770053, 58.0, 0.928571, 優
145, 86.0, 83.95721925, 54.0, 0.928571, 優
146, 80.0, 79.14438503, 34.0, 0.857143, 優
147, 60.0, 70.05347594, 13.0, 0.928571, 可
148, 87.0, 86.63101604, 42.0, 0.285714, 優
149, 94.0, 93.58288770, 54.0, 0.642857, 秀
150, 80.0, 76.47058824, 58.0, 0.428571, 優
151, 1.0, 0.00000000, 0.0, 0.071429, K
152, 64.0, 60.96256684, 38.0, 1.000000, 可
 Avg: 64.3026(79.7642)
 Max: 96.0000(96.0000)
 Min: 0.0000(60.0000)
単位取得率: 69.7368％ (106/152)
  秀:14 ( 9.2105％ (14/152),  13.2075％ (14/106))
  優:49 ( 32.2368％ (49/152),  46.2264％ (49/106))
  良:27 ( 17.7632％ (27/152),  25.4717％ (27/106))
  可:16 ( 10.5263％ (16/152),  15.0943％ (16/106))
不可:9 ( 5.9211％ (9/152))
  Ｋ:20 ( 13.1579％ (20/152))
  ※ :17 ( 11.1842％ (17/152))
  1, 76.0, 70.05347594, 54.0, 0.857143, 良
  2, 4.0, 0.00000000, 0.0, 0.642857, K
  3, 87.0, 86.09625668, 35.0, 0.000000, 優
  4, 87.0, 85.02673797, 56.0, 0.785714, 優
  5, 56.0, 56.14973262, 30.0, 0.785714, 不可
  6, 71.0, 68.98395722, 45.0, 0.785714, 良
  7, 76.0, 75.93582888, 48.0, 0.428571, 良
  8, 84.0, 83.95721925, 38.0, 0.785714, 優
  9, 36.0, 32.08556150, 26.0, 0.357143, ※
 10, 58.0, 50.80213904, 51.0, 0.071429, ※
 11, 71.0, 68.98395722, 43.0, 0.928571, 良
 12, 82.0, 81.81818182, 44.0, 0.714286, 優
 13, 72.0, 62.03208556, 57.0, 0.785714, 良
 14, 50.0, 50.26737968, 24.0, 0.785714, 不可
 15, 54.0, 56.68449198, 30.0, 0.357143, ※
 16, 82.0, 81.28342246, 38.0, 0.785714, 優
 17, 72.0, 74.86631016, 34.0, 1.000000, 良
 18, 80.0, 79.67914439, 43.0, 0.071429, 優
 19, 94.0, 93.58288770, 48.0, 0.928571, 秀
 20, 90.0, 89.30481283, 46.0, 1.000000, 秀
 21, 84.0, 83.95721925, 46.0, 1.000000, 優
 22, 76.0, 71.65775401, 50.0, 1.000000, 良
 23, 33.0, 39.57219251, 10.0, 0.071429, ※
 24, 56.0, 60.96256684, 19.0, 0.928571, 不可
 25, 71.0, 67.37967914, 53.0, 0.214286, 良
 26, 65.0, 75.40106952, 24.0, 0.285714, 可
 27, 83.0, 78.60962567, 56.0, 0.785714, 優
 28, 16.0, 0.00000000, 31.0, 0.428571, K
 29, 90.0, 89.83957219, 40.0, 0.785714, 秀
 30, 89.0, 86.09625668, 56.0, 0.928571, 優
 31, 6.0, 0.00000000, 10.0, 0.214286, K
 32, 0.0, 0.00000000, 0.0, 0.000000, K
 33, 67.0, 66.31016043, 45.0, 0.285714, 可
 34, 91.0, 90.90909091, 36.0, 1.000000, 秀
 35, 88.0, 83.95721925, 58.0, 1.000000, 優
 36, 81.0, 73.79679144, 60.0, 0.785714, 優
 37, 74.0, 74.86631016, 41.0, 0.785714, 良
 38, 77.0, 71.12299465, 53.0, 0.928571, 良
 39, 88.0, 87.16577540, 44.0, 0.928571, 優
 40, 81.0, 77.00534759, 56.0, 0.571429, 優
 41, 1.0, 0.00000000, 0.0, 0.071429, K
 42, 58.0, 47.59358289, 52.0, 0.428571, ※
 43, 78.0, 77.54010695, 54.0, 0.142857, 良
 44, 87.0, 86.09625668, 44.0, 0.428571, 優
 45, 83.0, 82.88770053, 24.0, 0.714286, 優
 46, 83.0, 82.35294118, 46.0, 1.000000, 優
 47, 49.0, 61.49732620, 8.0, 0.500000, ※
 48, 72.0, 77.00534759, 35.0, 0.642857, 良
 49, 0.0, 0.00000000, 0.0, 0.000000, K
 50, 83.0, 82.88770053, 46.0, 0.428571, 優
 51, 0.0, 0.00000000, 0.0, 0.000000, K
 52, 67.0, 73.79679144, 30.0, 0.500000, 可
 53, 44.0, 36.36363636, 38.0, 0.500000, ※
 54, 0.0, 0.00000000, 0.0, 0.000000, K
 55, 44.0, 54.01069519, 6.0, 0.642857, 不可
 56, 53.0, 34.22459893, 56.0, 1.000000, 不可
 57, 61.0, 70.05347594, 16.0, 0.928571, 可
 58, 89.0, 88.23529412, 23.0, 0.571429, 優
 59, 91.0, 90.37433155, 58.0, 0.428571, 秀
 60, 91.0, 86.63101604, 60.0, 1.000000, 秀
 61, 43.0, 49.19786096, 10.0, 0.785714, 不可
 62, 85.0, 80.21390374, 58.0, 0.785714, 優
 63, 92.0, 88.23529412, 60.0, 1.000000, 秀
 64, 92.0, 89.30481283, 57.0, 1.000000, 秀
 65, 31.0, 31.01604278, 20.0, 0.142857, ※
 66, 63.0, 67.37967914, 30.0, 0.642857, 可
 67, 80.0, 79.67914439, 42.0, 0.357143, 優
 68, 80.0, 79.14438503, 42.0, 0.428571, 優
 69, 77.0, 68.98395722, 57.0, 0.928571, 良
 70, 48.0, 58.28877005, 8.0, 0.714286, 不可
 71, 82.0, 76.47058824, 60.0, 0.642857, 優
 72, 81.0, 80.21390374, 50.0, 0.142857, 優
 73, 88.0, 87.16577540, 54.0, 0.857143, 優
 74, 77.0, 68.98395722, 58.0, 0.785714, 良
 75, 83.0, 81.81818182, 55.0, 0.428571, 優
 76, 69.0, 63.63636364, 46.0, 0.928571, 可
 77, 49.0, 60.96256684, 10.0, 0.285714, ※
 78, 74.0, 76.47058824, 42.0, 0.428571, 良
 79, 78.0, 74.86631016, 48.0, 0.928571, 良
 80, 60.0, 53.47593583, 48.0, 0.357143, 可
 81, 70.0, 69.51871658, 50.0, 0.000000, 良
 82, 52.0, 50.80213904, 35.0, 0.357143, ※
 83, 0.0, 0.00000000, 0.0, 0.000000, K
 84, 0.0, 0.00000000, 0.0, 0.000000, K
 85, 11.0, 0.00000000, 19.0, 0.428571, K
 86, 81.0, 80.21390374, 42.0, 0.928571, 優
 87, 1.0, 0.00000000, 0.0, 0.142857, K
 88, 44.0, 37.43315508, 37.0, 0.428571, ※
 89, 84.0, 77.54010695, 58.0, 0.928571, 優
 90, 88.0, 87.16577540, 28.0, 0.500000, 優
 91, 76.0, 78.60962567, 38.0, 0.857143, 良
 92, 91.0, 86.63101604, 60.0, 1.000000, 秀
 93, 9.0, 0.00000000, 18.0, 0.142857, K
 94, 67.0, 63.10160428, 47.0, 0.500000, 可
 95, 64.0, 72.19251337, 28.0, 0.285714, 可
 96, 6.0, 0.00000000, 10.0, 0.285714, K
 97, 63.0, 78.07486631, 18.0, 0.000000, 可
 98, 85.0, 84.49197861, 50.0, 1.000000, 優
 99, 95.0, 93.58288770, 60.0, 0.857143, 秀
100, 80.0, 79.14438503, 37.0, 0.142857, 優
101, 87.0, 81.81818182, 60.0, 0.928571, 優
102, 81.0, 75.40106952, 56.0, 0.928571, 優
103, 57.0, 67.91443850, 18.0, 0.214286, ※
104, 71.0, 68.44919786, 46.0, 0.642857, 良
105, 91.0, 90.37433155, 50.0, 1.000000, 秀
106, 78.0, 73.79679144, 53.0, 0.714286, 良
107, 41.0, 41.71122995, 20.0, 0.500000, ※
108, 88.0, 85.56149733, 54.0, 1.000000, 優
109, 67.0, 58.28877005, 58.0, 0.357143, 可
110, 47.0, 56.68449198, 10.0, 0.500000, ※
111, 96.0, 95.72192513, 59.0, 0.857143, 秀
112, 84.0, 77.00534759, 60.0, 0.857143, 優
113, 79.0, 78.07486631, 48.0, 0.714286, 良
114, 85.0, 78.60962567, 60.0, 0.857143, 優
115, 2.0, 0.00000000, 0.0, 0.357143, K
116, 84.0, 83.95721925, 56.0, 0.285714, 優
117, 5.0, 0.00000000, 0.0, 0.857143, K
118, 74.0, 63.10160428, 58.0, 1.000000, 良
119, 80.0, 79.67914439, 54.0, 0.214286, 優
120, 95.0, 94.65240642, 58.0, 0.571429, 秀
121, 9.0, 0.00000000, 17.0, 0.214286, K
122, 74.0, 70.05347594, 50.0, 0.714286, 良
123, 80.0, 79.67914439, 21.0, 0.642857, 優
124, 55.0, 78.07486631, 0.0, 0.000000, ※
125, 80.0, 76.47058824, 50.0, 1.000000, 優
126, 72.0, 69.51871658, 43.0, 1.000000, 良
127, 29.0, 20.85561497, 30.0, 0.357143, ※
128, 0.0, 0.00000000, 0.0, 0.000000, K
129, 18.0, 0.00000000, 40.0, 0.214286, K
130, 65.0, 61.49732620, 46.0, 0.357143, 可
131, 65.0, 76.47058824, 24.0, 0.142857, 可
132, 86.0, 85.02673797, 33.0, 1.000000, 優
133, 84.0, 83.95721925, 38.0, 1.000000, 優
134, 89.0, 88.77005348, 54.0, 0.500000, 優
135, 86.0, 79.67914439, 60.0, 0.928571, 優
136, 89.0, 86.09625668, 60.0, 0.714286, 優
137, 53.0, 37.43315508, 54.0, 0.714286, 不可
138, 76.0, 70.58823529, 60.0, 0.285714, 良
139, 49.0, 57.75401070, 10.0, 0.714286, 不可
140, 41.0, 55.61497326, 0.0, 0.357143, ※
141, 69.0, 56.68449198, 56.0, 1.000000, 可
142, 70.0, 65.24064171, 52.0, 0.428571, 良
143, 73.0, 71.12299465, 49.0, 0.500000, 良
144, 87.0, 82.88770053, 58.0, 0.928571, 優
145, 86.0, 83.95721925, 54.0, 0.928571, 優
146, 80.0, 79.14438503, 34.0, 0.857143, 優
147, 60.0, 70.05347594, 13.0, 0.928571, 可
148, 87.0, 86.63101604, 42.0, 0.285714, 優
149, 94.0, 93.58288770, 54.0, 0.642857, 秀
150, 80.0, 76.47058824, 58.0, 0.428571, 優
151, 1.0, 0.00000000, 0.0, 0.071429, K
152, 64.0, 60.96256684, 38.0, 1.000000, 可
 Avg: 64.3026(79.7642)
 Max: 96.0000(96.0000)
 Min: 0.0000(60.0000)
単位取得率: 69.7368％ (106/152)
  秀:14 ( 9.2105％ (14/152),  13.2075％ (14/106))
  優:49 ( 32.2368％ (49/152),  46.2264％ (49/106))
  良:27 ( 17.7632％ (27/152),  25.4717％ (27/106))
  可:16 ( 10.5263％ (16/152),  15.0943％ (16/106))
不可:9 ( 5.9211％ (9/152))
  Ｋ:20 ( 13.1579％ (20/152))
  ※ :17 ( 11.1842％ (17/152))
  1, 76.0, 70.05347594, 54.0, 0.857143, 良
  2, 4.0, 0.00000000, 0.0, 0.642857, K
  3, 87.0, 86.09625668, 35.0, 0.000000, 優
  4, 87.0, 85.02673797, 56.0, 0.785714, 優
  5, 56.0, 56.14973262, 30.0, 0.785714, 不可
  6, 71.0, 68.98395722, 45.0, 0.785714, 良
  7, 76.0, 75.93582888, 48.0, 0.428571, 良
  8, 84.0, 83.95721925, 38.0, 0.785714, 優
  9, 36.0, 32.08556150, 26.0, 0.357143, ※
 10, 58.0, 50.80213904, 51.0, 0.071429, ※
 11, 71.0, 68.98395722, 43.0, 0.928571, 良
 12, 82.0, 81.81818182, 44.0, 0.714286, 優
 13, 72.0, 62.03208556, 57.0, 0.785714, 良
 14, 50.0, 50.26737968, 24.0, 0.785714, 不可
 15, 54.0, 56.68449198, 30.0, 0.357143, ※
 16, 82.0, 81.28342246, 38.0, 0.785714, 優
 17, 72.0, 74.86631016, 34.0, 1.000000, 良
 18, 80.0, 79.67914439, 43.0, 0.071429, 優
 19, 94.0, 93.58288770, 48.0, 0.928571, 秀
 20, 90.0, 89.30481283, 46.0, 1.000000, 秀
 21, 84.0, 83.95721925, 46.0, 1.000000, 優
 22, 76.0, 71.65775401, 50.0, 1.000000, 良
 23, 33.0, 39.57219251, 10.0, 0.071429, ※
 24, 56.0, 60.96256684, 19.0, 0.928571, 不可
 25, 71.0, 67.37967914, 53.0, 0.214286, 良
 26, 65.0, 75.40106952, 24.0, 0.285714, 可
 27, 83.0, 78.60962567, 56.0, 0.785714, 優
 28, 16.0, 0.00000000, 31.0, 0.428571, K
 29, 90.0, 89.83957219, 40.0, 0.785714, 秀
 30, 89.0, 86.09625668, 56.0, 0.928571, 優
 31, 6.0, 0.00000000, 10.0, 0.214286, K
 32, 0.0, 0.00000000, 0.0, 0.000000, K
 33, 67.0, 66.31016043, 45.0, 0.285714, 可
 34, 91.0, 90.90909091, 36.0, 1.000000, 秀
 35, 88.0, 83.95721925, 58.0, 1.000000, 優
 36, 81.0, 73.79679144, 60.0, 0.785714, 優
 37, 74.0, 74.86631016, 41.0, 0.785714, 良
 38, 77.0, 71.12299465, 53.0, 0.928571, 良
 39, 88.0, 87.16577540, 44.0, 0.928571, 優
 40, 81.0, 77.00534759, 56.0, 0.571429, 優
 41, 1.0, 0.00000000, 0.0, 0.071429, K
 42, 58.0, 47.59358289, 52.0, 0.428571, ※
 43, 78.0, 77.54010695, 54.0, 0.142857, 良
 44, 87.0, 86.09625668, 44.0, 0.428571, 優
 45, 83.0, 82.88770053, 24.0, 0.714286, 優
 46, 83.0, 82.35294118, 46.0, 1.000000, 優
 47, 49.0, 61.49732620, 8.0, 0.500000, ※
 48, 72.0, 77.00534759, 35.0, 0.642857, 良
 49, 0.0, 0.00000000, 0.0, 0.000000, K
 50, 83.0, 82.88770053, 46.0, 0.428571, 優
 51, 0.0, 0.00000000, 0.0, 0.000000, K
 52, 67.0, 73.79679144, 30.0, 0.500000, 可
 53, 44.0, 36.36363636, 38.0, 0.500000, ※
 54, 0.0, 0.00000000, 0.0, 0.000000, K
 55, 44.0, 54.01069519, 6.0, 0.642857, 不可
 56, 53.0, 34.22459893, 56.0, 1.000000, 不可
 57, 61.0, 70.05347594, 16.0, 0.928571, 可
 58, 89.0, 88.23529412, 23.0, 0.571429, 優
 59, 91.0, 90.37433155, 58.0, 0.428571, 秀
 60, 91.0, 86.63101604, 60.0, 1.000000, 秀
 61, 43.0, 49.19786096, 10.0, 0.785714, 不可
 62, 85.0, 80.21390374, 58.0, 0.785714, 優
 63, 92.0, 88.23529412, 60.0, 1.000000, 秀
 64, 92.0, 89.30481283, 57.0, 1.000000, 秀
 65, 31.0, 31.01604278, 20.0, 0.142857, ※
 66, 63.0, 67.37967914, 30.0, 0.642857, 可
 67, 80.0, 79.67914439, 42.0, 0.357143, 優
 68, 80.0, 79.14438503, 42.0, 0.428571, 優
 69, 77.0, 68.98395722, 57.0, 0.928571, 良
 70, 48.0, 58.28877005, 8.0, 0.714286, 不可
 71, 82.0, 76.47058824, 60.0, 0.642857, 優
 72, 81.0, 80.21390374, 50.0, 0.142857, 優
 73, 88.0, 87.16577540, 54.0, 0.857143, 優
 74, 77.0, 68.98395722, 58.0, 0.785714, 良
 75, 83.0, 81.81818182, 55.0, 0.428571, 優
 76, 69.0, 63.63636364, 46.0, 0.928571, 可
 77, 49.0, 60.96256684, 10.0, 0.285714, ※
 78, 74.0, 76.47058824, 42.0, 0.428571, 良
 79, 78.0, 74.86631016, 48.0, 0.928571, 良
 80, 60.0, 53.47593583, 48.0, 0.357143, 可
 81, 70.0, 69.51871658, 50.0, 0.000000, 良
 82, 52.0, 50.80213904, 35.0, 0.357143, ※
 83, 0.0, 0.00000000, 0.0, 0.000000, K
 84, 0.0, 0.00000000, 0.0, 0.000000, K
 85, 11.0, 0.00000000, 19.0, 0.428571, K
 86, 81.0, 80.21390374, 42.0, 0.928571, 優
 87, 1.0, 0.00000000, 0.0, 0.142857, K
 88, 44.0, 37.43315508, 37.0, 0.428571, ※
 89, 84.0, 77.54010695, 58.0, 0.928571, 優
 90, 88.0, 87.16577540, 28.0, 0.500000, 優
 91, 76.0, 78.60962567, 38.0, 0.857143, 良
 92, 91.0, 86.63101604, 60.0, 1.000000, 秀
 93, 9.0, 0.00000000, 18.0, 0.142857, K
 94, 67.0, 63.10160428, 47.0, 0.500000, 可
 95, 64.0, 72.19251337, 28.0, 0.285714, 可
 96, 6.0, 0.00000000, 10.0, 0.285714, K
 97, 63.0, 78.07486631, 18.0, 0.000000, 可
 98, 85.0, 84.49197861, 50.0, 1.000000, 優
 99, 95.0, 93.58288770, 60.0, 0.857143, 秀
100, 80.0, 79.14438503, 37.0, 0.142857, 優
101, 87.0, 81.81818182, 60.0, 0.928571, 優
102, 81.0, 75.40106952, 56.0, 0.928571, 優
103, 57.0, 67.91443850, 18.0, 0.214286, ※
104, 71.0, 68.44919786, 46.0, 0.642857, 良
105, 91.0, 90.37433155, 50.0, 1.000000, 秀
106, 78.0, 73.79679144, 53.0, 0.714286, 良
107, 41.0, 41.71122995, 20.0, 0.500000, ※
108, 88.0, 85.56149733, 54.0, 1.000000, 優
109, 67.0, 58.28877005, 58.0, 0.357143, 可
110, 47.0, 56.68449198, 10.0, 0.500000, ※
111, 96.0, 95.72192513, 59.0, 0.857143, 秀
112, 84.0, 77.00534759, 60.0, 0.857143, 優
113, 79.0, 78.07486631, 48.0, 0.714286, 良
114, 85.0, 78.60962567, 60.0, 0.857143, 優
115, 2.0, 0.00000000, 0.0, 0.357143, K
116, 84.0, 83.95721925, 56.0, 0.285714, 優
117, 5.0, 0.00000000, 0.0, 0.857143, K
118, 74.0, 63.10160428, 58.0, 1.000000, 良
119, 80.0, 79.67914439, 54.0, 0.214286, 優
120, 95.0, 94.65240642, 58.0, 0.571429, 秀
121, 9.0, 0.00000000, 17.0, 0.214286, K
122, 74.0, 70.05347594, 50.0, 0.714286, 良
123, 80.0, 79.67914439, 21.0, 0.642857, 優
124, 55.0, 78.07486631, 0.0, 0.000000, ※
125, 80.0, 76.47058824, 50.0, 1.000000, 優
126, 72.0, 69.51871658, 43.0, 1.000000, 良
127, 29.0, 20.85561497, 30.0, 0.357143, ※
128, 0.0, 0.00000000, 0.0, 0.000000, K
129, 18.0, 0.00000000, 40.0, 0.214286, K
130, 65.0, 61.49732620, 46.0, 0.357143, 可
131, 65.0, 76.47058824, 24.0, 0.142857, 可
132, 86.0, 85.02673797, 33.0, 1.000000, 優
133, 84.0, 83.95721925, 38.0, 1.000000, 優
134, 89.0, 88.77005348, 54.0, 0.500000, 優
135, 86.0, 79.67914439, 60.0, 0.928571, 優
136, 89.0, 86.09625668, 60.0, 0.714286, 優
137, 53.0, 37.43315508, 54.0, 0.714286, 不可
138, 76.0, 70.58823529, 60.0, 0.285714, 良
139, 49.0, 57.75401070, 10.0, 0.714286, 不可
140, 41.0, 55.61497326, 0.0, 0.357143, ※
141, 69.0, 56.68449198, 56.0, 1.000000, 可
142, 70.0, 65.24064171, 52.0, 0.428571, 良
143, 73.0, 71.12299465, 49.0, 0.500000, 良
144, 87.0, 82.88770053, 58.0, 0.928571, 優
145, 86.0, 83.95721925, 54.0, 0.928571, 優
146, 80.0, 79.14438503, 34.0, 0.857143, 優
147, 60.0, 70.05347594, 13.0, 0.928571, 可
148, 87.0, 86.63101604, 42.0, 0.285714, 優
149, 94.0, 93.58288770, 54.0, 0.642857, 秀
150, 80.0, 76.47058824, 58.0, 0.428571, 優
151, 1.0, 0.00000000, 0.0, 0.071429, K
152, 64.0, 60.96256684, 38.0, 1.000000, 可
 Avg: 64.3026(79.7642)
 Max: 96.0000(96.0000)
 Min: 0.0000(60.0000)
単位取得率: 69.7368％ (106/152)
  秀:14 ( 9.2105％ (14/152),  13.2075％ (14/106))
  優:49 ( 32.2368％ (49/152),  46.2264％ (49/106))
  良:27 ( 17.7632％ (27/152),  25.4717％ (27/106))
  可:16 ( 10.5263％ (16/152),  15.0943％ (16/106))
不可:9 ( 5.9211％ (9/152))
  Ｋ:20 ( 13.1579％ (20/152))
  ※ :17 ( 11.1842％ (17/152))
  1, 76.0, 70.05347594, 54.0, 0.857143, 良
  2, 4.0, 0.00000000, 0.0, 0.642857, K
  3, 87.0, 86.09625668, 35.0, 0.000000, 優
  4, 87.0, 85.02673797, 56.0, 0.785714, 優
  5, 56.0, 56.14973262, 30.0, 0.785714, 不可
  6, 71.0, 68.98395722, 45.0, 0.785714, 良
  7, 76.0, 75.93582888, 48.0, 0.428571, 良
  8, 84.0, 83.95721925, 38.0, 0.785714, 優
  9, 36.0, 32.08556150, 26.0, 0.357143, ※
 10, 58.0, 50.80213904, 51.0, 0.071429, ※
 11, 71.0, 68.98395722, 43.0, 0.928571, 良
 12, 82.0, 81.81818182, 44.0, 0.714286, 優
 13, 72.0, 62.03208556, 57.0, 0.785714, 良
 14, 50.0, 50.26737968, 24.0, 0.785714, 不可
 15, 54.0, 56.68449198, 30.0, 0.357143, ※
 16, 82.0, 81.28342246, 38.0, 0.785714, 優
 17, 72.0, 74.86631016, 34.0, 1.000000, 良
 18, 80.0, 79.67914439, 43.0, 0.071429, 優
 19, 94.0, 93.58288770, 48.0, 0.928571, 秀
 20, 90.0, 89.30481283, 46.0, 1.000000, 秀
 21, 84.0, 83.95721925, 46.0, 1.000000, 優
 22, 76.0, 71.65775401, 50.0, 1.000000, 良
 23, 33.0, 39.57219251, 10.0, 0.071429, ※
 24, 56.0, 60.96256684, 19.0, 0.928571, 不可
 25, 71.0, 67.37967914, 53.0, 0.214286, 良
 26, 65.0, 75.40106952, 24.0, 0.285714, 可
 27, 83.0, 78.60962567, 56.0, 0.785714, 優
 28, 16.0, 0.00000000, 31.0, 0.428571, K
 29, 90.0, 89.83957219, 40.0, 0.785714, 秀
 30, 89.0, 86.09625668, 56.0, 0.928571, 優
 31, 6.0, 0.00000000, 10.0, 0.214286, K
 32, 0.0, 0.00000000, 0.0, 0.000000, K
 33, 67.0, 66.31016043, 45.0, 0.285714, 可
 34, 91.0, 90.90909091, 36.0, 1.000000, 秀
 35, 88.0, 83.95721925, 58.0, 1.000000, 優
 36, 81.0, 73.79679144, 60.0, 0.785714, 優
 37, 74.0, 74.86631016, 41.0, 0.785714, 良
 38, 77.0, 71.12299465, 53.0, 0.928571, 良
 39, 88.0, 87.16577540, 44.0, 0.928571, 優
 40, 81.0, 77.00534759, 56.0, 0.571429, 優
 41, 1.0, 0.00000000, 0.0, 0.071429, K
 42, 58.0, 47.59358289, 52.0, 0.428571, ※
 43, 78.0, 77.54010695, 54.0, 0.142857, 良
 44, 87.0, 86.09625668, 44.0, 0.428571, 優
 45, 83.0, 82.88770053, 24.0, 0.714286, 優
 46, 83.0, 82.35294118, 46.0, 1.000000, 優
 47, 49.0, 61.49732620, 8.0, 0.500000, ※
 48, 72.0, 77.00534759, 35.0, 0.642857, 良
 49, 0.0, 0.00000000, 0.0, 0.000000, K
 50, 83.0, 82.88770053, 46.0, 0.428571, 優
 51, 0.0, 0.00000000, 0.0, 0.000000, K
 52, 67.0, 73.79679144, 30.0, 0.500000, 可
 53, 44.0, 36.36363636, 38.0, 0.500000, ※
 54, 0.0, 0.00000000, 0.0, 0.000000, K
 55, 44.0, 54.01069519, 6.0, 0.642857, 不可
 56, 53.0, 34.22459893, 56.0, 1.000000, 不可
 57, 61.0, 70.05347594, 16.0, 0.928571, 可
 58, 89.0, 88.23529412, 23.0, 0.571429, 優
 59, 91.0, 90.37433155, 58.0, 0.428571, 秀
 60, 91.0, 86.63101604, 60.0, 1.000000, 秀
 61, 43.0, 49.19786096, 10.0, 0.785714, 不可
 62, 85.0, 80.21390374, 58.0, 0.785714, 優
 63, 92.0, 88.23529412, 60.0, 1.000000, 秀
 64, 92.0, 89.30481283, 57.0, 1.000000, 秀
 65, 31.0, 31.01604278, 20.0, 0.142857, ※
 66, 63.0, 67.37967914, 30.0, 0.642857, 可
 67, 80.0, 79.67914439, 42.0, 0.357143, 優
 68, 80.0, 79.14438503, 42.0, 0.428571, 優
 69, 77.0, 68.98395722, 57.0, 0.928571, 良
 70, 48.0, 58.28877005, 8.0, 0.714286, 不可
 71, 82.0, 76.47058824, 60.0, 0.642857, 優
 72, 81.0, 80.21390374, 50.0, 0.142857, 優
 73, 88.0, 87.16577540, 54.0, 0.857143, 優
 74, 77.0, 68.98395722, 58.0, 0.785714, 良
 75, 83.0, 81.81818182, 55.0, 0.428571, 優
 76, 69.0, 63.63636364, 46.0, 0.928571, 可
 77, 49.0, 60.96256684, 10.0, 0.285714, ※
 78, 74.0, 76.47058824, 42.0, 0.428571, 良
 79, 78.0, 74.86631016, 48.0, 0.928571, 良
 80, 60.0, 53.47593583, 48.0, 0.357143, 可
 81, 70.0, 69.51871658, 50.0, 0.000000, 良
 82, 52.0, 50.80213904, 35.0, 0.357143, ※
 83, 0.0, 0.00000000, 0.0, 0.000000, K
 84, 0.0, 0.00000000, 0.0, 0.000000, K
 85, 11.0, 0.00000000, 19.0, 0.428571, K
 86, 81.0, 80.21390374, 42.0, 0.928571, 優
 87, 1.0, 0.00000000, 0.0, 0.142857, K
 88, 44.0, 37.43315508, 37.0, 0.428571, ※
 89, 84.0, 77.54010695, 58.0, 0.928571, 優
 90, 88.0, 87.16577540, 28.0, 0.500000, 優
 91, 76.0, 78.60962567, 38.0, 0.857143, 良
 92, 91.0, 86.63101604, 60.0, 1.000000, 秀
 93, 9.0, 0.00000000, 18.0, 0.142857, K
 94, 67.0, 63.10160428, 47.0, 0.500000, 可
 95, 64.0, 72.19251337, 28.0, 0.285714, 可
 96, 6.0, 0.00000000, 10.0, 0.285714, K
 97, 63.0, 78.07486631, 18.0, 0.000000, 可
 98, 85.0, 84.49197861, 50.0, 1.000000, 優
 99, 95.0, 93.58288770, 60.0, 0.857143, 秀
100, 80.0, 79.14438503, 37.0, 0.142857, 優
101, 87.0, 81.81818182, 60.0, 0.928571, 優
102, 81.0, 75.40106952, 56.0, 0.928571, 優
103, 57.0, 67.91443850, 18.0, 0.214286, ※
104, 71.0, 68.44919786, 46.0, 0.642857, 良
105, 91.0, 90.37433155, 50.0, 1.000000, 秀
106, 78.0, 73.79679144, 53.0, 0.714286, 良
107, 41.0, 41.71122995, 20.0, 0.500000, ※
108, 88.0, 85.56149733, 54.0, 1.000000, 優
109, 67.0, 58.28877005, 58.0, 0.357143, 可
110, 47.0, 56.68449198, 10.0, 0.500000, ※
111, 96.0, 95.72192513, 59.0, 0.857143, 秀
112, 84.0, 77.00534759, 60.0, 0.857143, 優
113, 79.0, 78.07486631, 48.0, 0.714286, 良
114, 85.0, 78.60962567, 60.0, 0.857143, 優
115, 2.0, 0.00000000, 0.0, 0.357143, K
116, 84.0, 83.95721925, 56.0, 0.285714, 優
117, 5.0, 0.00000000, 0.0, 0.857143, K
118, 74.0, 63.10160428, 58.0, 1.000000, 良
119, 80.0, 79.67914439, 54.0, 0.214286, 優
120, 95.0, 94.65240642, 58.0, 0.571429, 秀
121, 9.0, 0.00000000, 17.0, 0.214286, K
122, 74.0, 70.05347594, 50.0, 0.714286, 良
123, 80.0, 79.67914439, 21.0, 0.642857, 優
124, 55.0, 78.07486631, 0.0, 0.000000, ※
125, 80.0, 76.47058824, 50.0, 1.000000, 優
126, 72.0, 69.51871658, 43.0, 1.000000, 良
127, 29.0, 20.85561497, 30.0, 0.357143, ※
128, 0.0, 0.00000000, 0.0, 0.000000, K
129, 18.0, 0.00000000, 40.0, 0.214286, K
130, 65.0, 61.49732620, 46.0, 0.357143, 可
131, 65.0, 76.47058824, 24.0, 0.142857, 可
132, 86.0, 85.02673797, 33.0, 1.000000, 優
133, 84.0, 83.95721925, 38.0, 1.000000, 優
134, 89.0, 88.77005348, 54.0, 0.500000, 優
135, 86.0, 79.67914439, 60.0, 0.928571, 優
136, 89.0, 86.09625668, 60.0, 0.714286, 優
137, 53.0, 37.43315508, 54.0, 0.714286, 不可
138, 76.0, 70.58823529, 60.0, 0.285714, 良
139, 49.0, 57.75401070, 10.0, 0.714286, 不可
140, 41.0, 55.61497326, 0.0, 0.357143, ※
141, 69.0, 56.68449198, 56.0, 1.000000, 可
142, 70.0, 65.24064171, 52.0, 0.428571, 良
143, 73.0, 71.12299465, 49.0, 0.500000, 良
144, 87.0, 82.88770053, 58.0, 0.928571, 優
145, 86.0, 83.95721925, 54.0, 0.928571, 優
146, 80.0, 79.14438503, 34.0, 0.857143, 優
147, 60.0, 70.05347594, 13.0, 0.928571, 可
148, 87.0, 86.63101604, 42.0, 0.285714, 優
149, 94.0, 93.58288770, 54.0, 0.642857, 秀
150, 80.0, 76.47058824, 58.0, 0.428571, 優
151, 1.0, 0.00000000, 0.0, 0.071429, K
152, 64.0, 60.96256684, 38.0, 1.000000, 可
 Avg: 64.3026(79.7642)
 Max: 96.0000(96.0000)
 Min: 0.0000(60.0000)
単位取得率: 69.7368％ (106/152)
  秀:14 ( 9.2105％ (14/152),  13.2075％ (14/106))
  優:49 ( 32.2368％ (49/152),  46.2264％ (49/106))
  良:27 ( 17.7632％ (27/152),  25.4717％ (27/106))
  可:16 ( 10.5263％ (16/152),  15.0943％ (16/106))
不可:9 ( 5.9211％ (9/152))
  Ｋ:20 ( 13.1579％ (20/152))
  ※ :17 ( 11.1842％ (17/152))
